{
    "comment": "Standard histogram acquisition",
    "start_mca": {"name": "fpga_action",  "dir": "rmw", "data": {"fields": {"histo_run": 1, "clear_statistics": 1, "clear_histogram": 1}, "user":{}}},
    "stop_mca": {"name": "fpga_action",  "dir": "rmw", "data": {"fields": {"histo_run": 0, "clear_statistics": 0, "clear_histogram": 0}, "user":{}}},
    "resume_mca": {"name": "fpga_action",  "dir": "rmw", "data": {"fields": {"histo_run": 1, "clear_statistics": 0, "clear_histogram": 0}, "user":{}}},
    "histogram": {"name": "fpga_histogram",  "dir": "read"},
    "rates": {"name": "fpga_statistics",  "dir": "read"},

    "comment": "Loss-less two-bank histogram acquisition",
    "prepare_split": {"name": "fpga_action", "dir": "rmw", 
                      "data": {"fields": {"segment_enable": 0, "segment": 0, "clear_histogram": 1, "clear_statistics": 1, "histo_run": 0}}},
    "start_bank_0": {"name": "fpga_action", "dir": "rmw", "data": {"fields": {"segment_enable": 1, "segment": 0, "histo_run": 1}}},
    "start_bank_1": {"name": "fpga_action", "dir": "rmw", "data": {"fields": {"segment_enable": 1, "segment": 1, "histo_run": 1}}},
    "read_bank_0": {"name": "fpga_histogram", "dir": "read", "num_items": 2048},
    "read_bank_1": {"name": "fpga_histogram", "dir": "read", "num_items": 2048},

    "start_pulse": {"name": "fpga_action",  "dir": "rmw", "data": {"fields": {"trace_run": 1, "clear_statistics": 0, "clear_trace": 1}, "user":{}}},
    "pulse": {"name": "fpga_trace",  "dir": "read"},

    "start_list_mode": {"name": "fpga_action",  "dir": "rmw", "data": {"fields": {"lm_run": 1, "clear_statistics": 1, "clear_list_mode": 1}, "user":{}}},
    "list_mode": {"name": "fpga_list_mode",  "dir": "read"},

    "fpga_results": {"name": "fpga_results",  "dir": "read"},
    "read_fpga_ctrl": {"name": "fpga_ctrl",  "dir": "read"},
    "write_fpga_ctrl": {"name": "fpga_ctrl",  "dir": "rmw"},

    "write_fpga_weights": {"name": "fpga_weights",  "dir": "write", "num_items": 256},

    "nv_mem": {
        "write_fpga_ctrl": {"name": "fpga_ctrl",  "dir": "write", "mem": "flash", "data": {"registers": []}},
        "read_fpga_ctrl": {"name": "fpga_ctrl",  "dir": "write", "mem": "flash", "data": {"registers": []}}
    },
    "arm_version": {"name": "arm_version",  "dir": "read"},
    "arm_status": {"name": "arm_status",  "dir": "read"},
    "read_arm_ctrl": {"name": "arm_ctrl",  "dir": "read"},
    "write_arm_ctrl": {"name": "arm_ctrl",  "dir": "rmw"},
    "read_arm_cal": {"name": "arm_ctrl",  "dir": "read"},
    "write_arm_cal": {"name": "arm_ctrl",  "dir": "rmw"},

    "arm_cal_reset": {"name": "arm_cal",  "dir": "read", "memory": "reset"},
    "arm_ctrl_reset": {"name": "arm_ctrl",  "dir": "read", "memory": "reset"},
    "fpga_ctrl_reset": {"name": "fpga_ctrl",  "dir": "read", "memory": "reset"},

    "read_arm_cal_flash": {"name": "arm_cal",  "dir": "read", "memory": "flash"},
    "write_arm_cal_flash": {"name": "arm_cal",  "dir": "write", "memory": "flash"},

    "read_arm_ctrl_flash": {"name": "arm_ctrl",  "dir": "read", "memory": "flash"},
    "write_arm_ctrl_flash": {"name": "arm_ctrl",  "dir": "write", "memory": "flash"},

    "read_fpga_ctrl_flash": {"name": "fpga_ctrl",  "dir": "read", "memory": "flash"},
    "write_fpga_ctrl_flash": {"name": "fpga_ctrl",  "dir": "write", "memory": "flash"}

}
