{
    "start_mca": {"name": "arm_ctrl",  "dir": "rmw", "data": {"user": {"histogram_run": 1, "clear_statistics": 1, "clear_histogram": 1, "active_bank": 0, "acq_type": 0}, "fields":{}}},
    "stop_mca": {"name": "arm_ctrl",  "dir": "rmw", "data": {"user": {"histogram_run": 0, "clear_statistics": 0, "clear_histogram": 0, "active_bank": 0}, "fields":{}}},
    "resume_mca": {"name": "arm_ctrl",  "dir": "rmw", "data": {"user": {"histogram_run": 1, "clear_statistics": 0, "clear_histogram": 0, "active_bank": 0}, "fields":{}}},
    "histogram": {"ctrl": [0], "name": "arm_histogram",  "dir": "read"},
    "rates": {"name": "arm_status",  "dir": "read"},

    "start_bck": {"name": "arm_ctrl",  "dir": "rmw", "data": {"user": {"histogram_run": 1, "clear_statistics": 1, "clear_histogram": 1, "active_bank": 1, "acq_type": 0}, "fields":{}}},
    "stop_bck": {"name": "arm_ctrl",  "dir": "rmw", "data": {"user": {"histogram_run": 0, "clear_statistics": 0, "clear_histogram": 0, "active_bank": 1}, "fields":{}}},
    "resume_bck": {"name": "arm_ctrl",  "dir": "rmw", "data": {"user": {"histogram_run": 1, "clear_statistics": 0, "clear_histogram": 0, "active_bank": 1}, "fields":{}}},
    "bck": {"name": "arm_bck",  "dir": "read"},

    "diff": {"name": "arm_diff",  "dir": "read"},

    "start_tar": {"name": "arm_ctrl",  "dir": "rmw", "data": {"user": {"histogram_run": 1, "clear_statistics": 1, "clear_histogram": 1, "acq_type": 3}, "fields":{}}},
    "stop_tar": {"name": "arm_ctrl",  "dir": "rmw", "data": {"user": {"histogram_run": 0, "clear_statistics": 0, "clear_histogram": 0, "acq_type": 0}, "fields":{}}},
    "resume_tar": {"name": "arm_ctrl",  "dir": "rmw", "data": {"user": {"histogram_run": 1, "clear_statistics": 0, "clear_histogram": 0, "acq_type": 3}, "fields":{}}},

    "start_coinc": {"name": "arm_ctrl",  "dir": "rmw", "data": {"user": {"histogram_run": 1, "clear_statistics": 1, "clear_histogram": 1, "active_bank": 0, "acq_type": 5}, "fields":{}}},

    "arm_version": {"name": "arm_version",  "dir": "read"},
    "arm_status": {"name": "arm_status",  "dir": "read"},
    "read_arm_ctrl": {"name": "arm_ctrl",  "dir": "read"},
    "write_arm_ctrl": {"name": "arm_ctrl",  "dir": "rmw"},
    "read_arm_cal": {"name": "arm_ctrl",  "dir": "read"},
    "write_arm_cal": {"name": "arm_ctrl",  "dir": "rmw"},

    "read_arm_ctrl_reset": {"name": "arm_ctrl",  "dir": "read", "memory": "reset"},
    "read_arm_ctrl_flash": {"name": "arm_ctrl",  "dir": "read", "memory": "flash"},
    "write_arm_ctrl_flash": {"name": "arm_ctrl",  "dir": "write", "memory": "flash"},

    "read_arm_logger": {"name": "arm_logger",  "dir": "read"},

    "nv_mem": {
        "write_arm_ctrl": {"name": "arm_ctrl",  "dir": "write", "mem": "flash", "data": {"registers": []}},
        "read_arm_ctrl": {"name": "arm_ctrl",  "dir": "write", "mem": "flash", "data": {"registers": []}}
    }
}
