{
    "start_mca": {"name": "arm_ctrl",  "dir": "rmw", "data": {"user": {"histogram_run": 1, "clear_statistics": 1, "clear_histogram": 1, "active_bank": 0}, "fields":{}}},  
    "stop_mca": {"name": "arm_ctrl",  "dir": "rmw", "data": {"user": {"histogram_run": 0, "clear_statistics": 0, "clear_histogram": 0, "active_bank": 0}, "fields":{}}},
    "resume_mca": {"name": "arm_ctrl",  "dir": "rmw", "data": {"user": {"histogram_run": 1, "clear_statistics": 0, "clear_histogram": 0, "active_bank": 0}, "fields":{}}},
    "read_mca": {"name": "arm_histogram",  "dir": "read"},
    "histogram": {"name": "arm_histogram",  "dir": "read"},
    "read_rates": {"name": "arm_status",  "dir": "read"},
    
    "start_bck": {"name": "arm_ctrl",  "dir": "rmw", "data": {"user": {"histogram_run": 1, "clear_statistics": 1, "clear_histogram": 1, "active_bank": 1}, "fields":{}}},  
    "stop_bck": {"name": "arm_ctrl",  "dir": "rmw", "data": {"user": {"histogram_run": 0, "clear_statistics": 0, "clear_histogram": 0, "active_bank": 1}, "fields":{}}},
    "resume_bck": {"name": "arm_ctrl",  "dir": "rmw", "data": {"user": {"histogram_run": 1, "clear_statistics": 0, "clear_histogram": 0, "active_bank": 1}, "fields":{}}},
    "read_bck": {"name": "arm_bck",  "dir": "read"},
    
    "read_diff": {"name": "arm_diff",  "dir": "read"},
    
    "start_tar": {"name": "arm_ctrl",  "dir": "rmw", "data": {"user": {"histogram_run": 1, "clear_statistics": 1, "clear_histogram": 1, "acq_type": 3}, "fields":{}}},  
    "stop_tar": {"name": "arm_ctrl",  "dir": "rmw", "data": {"user": {"histogram_run": 0, "clear_statistics": 0, "clear_histogram": 0, "acq_type": 0}, "fields":{}}},
    "resume_tar": {"name": "arm_ctrl",  "dir": "rmw", "data": {"user": {"histogram_run": 1, "clear_statistics": 0, "clear_histogram": 0, "acq_type": 3}, "fields":{}}},

    "start_pulse": {"name": "arm_ctrl",  "dir": "rmw", "data": {"fields": {}, "user":{"trace": 1, "clear_trace": 1}}},
    "read_pulse": {"name": "arm_trace",  "dir": "read", "num_items": 1024},

    "arm_version": {"name": "arm_version",  "dir": "read"},
    "arm_status": {"name": "arm_status",  "dir": "read"},
    "read_arm_ctrl": {"name": "arm_ctrl",  "dir": "read"},
    "write_arm_ctrl": {"name": "arm_ctrl",  "dir": "rmw"},

    "write_arm_weights": {"name": "arm_weights",  "dir": "write", "memory": "flash"},
    "read_arm_logger": {"name": "arm_logger",  "dir": "read"},
    "arm_listmode": {"name": "arm_listmode",  "dir": "read"},
    
    "nv_mem": {
        "write_arm_ctrl": {"name": "arm_ctrl",  "dir": "write", "mem": "flash", "data": {"registers": []}},
        "read_arm_ctrl": {"name": "arm_ctrl",  "dir": "write", "mem": "flash", "data": {"registers": []}}
    }
}