{"registers": [515, 19088743, 19088743, 2309737967, 19088743, 2309737967, 256, 256, 1, 0, 0, 6, 63, 0, 0, 40], "fields": {"mca_id": 515, "short_sn": 19088743, "unique_sn_0": 19088743, "unique_sn_1": 2309737967, "unique_sn_2": 19088743, "unique_sn_3": 2309737967, "arm_hw": 256, "arm_sw": 256, "arm_build": 1, "arm_custom_0": 0, "arm_custom_1": 0, "fpga_version": 6, "fpga_build": 63, "fpga_custom_0": 0, "fpga_custom_1": 0, "fpga_speed": 40}, "user": {"unique_sn": "123456789ABCDEF123456789ABCDEF", "fpga_speed": 40000000.0}},
