{"registers": [16384, 3, 20, 50, 40, 65280, 255, 0, 0, 1, 0, 0, 612, 0, 49357, 2], "fields": {"fine_gain": 16384, "baseline_threshold": 3, "cr1_upper": 0, "pulse_threshold": 20, "cr2_upper": 0, "hold_off_time": 50, "integration_time": 40, "roi_bounds": 65280, "trigger_delay": 255, "cr6_upper": 0, "ctrl_7": 0, "run_time_0": 0, "run_time_1": 1, "short_it": 0, "put": 0, "ecomp": 4, "pcomp": 6, "gain_select": 2, "cr12_upper": 0, "ctrl_13": 0, "led_repeat_time": 205, "led_pulse_width": 192, "ha_mode": 0, "trace_mode": 1, "lm_mode": 0, "led_on": 0, "rtlt": 0, "sel_led": 0, "daq_mode": 0, "nai_mode": 0, "cr15_upper": 0}, "user": {"digital_gain": 1024.0, "integration_time": 1e-06, "hold_off_time": 1.25e-06, "short_it": 0.0, "baseline_threshold": 0.003, "pulse_threshold": 0.02, "trigger_delay": 6.375e-06, "roi_low": 0, "roi_high": 4080, "run_time": 107.3741824}},
