,freeze,Tracesample,buffer#,finefreeze,wc,Seconds,SecondsofDayNoPPS,TimeStampsNoPPS
3800,142171758,25,0,36395970176,36395969880,9.499999998752173e-05,76100.043815225,0 days 21:08:20.043815
3801,142171758,25,0,36395970176,36395969881,9.502499995051039e-05,76100.04381525,0 days 21:08:20.043815
3802,142171758,25,0,36395970176,36395969882,9.505000002718589e-05,76100.043815275,0 days 21:08:20.043815
3803,142171758,25,0,36395970176,36395969883,9.507499999017455e-05,76100.0438153,0 days 21:08:20.043815
3804,142171758,25,0,36395970176,36395969884,9.50999999531632e-05,76100.043815325,0 days 21:08:20.043815
3805,142171758,25,0,36395970176,36395969885,9.51250000298387e-05,76100.04381535,0 days 21:08:20.043815
3806,142171758,25,0,36395970176,36395969886,9.514999999282736e-05,76100.043815375,0 days 21:08:20.043815
3807,142171758,25,0,36395970176,36395969887,9.517499995581602e-05,76100.0438154,0 days 21:08:20.043815
3808,142171758,25,0,36395970176,36395969888,9.520000003249152e-05,76100.043815425,0 days 21:08:20.043815
3809,142171758,25,0,36395970176,36395969889,9.522499999548018e-05,76100.04381545,0 days 21:08:20.043815
3810,142171758,25,0,36395970176,36395969890,9.524999995846883e-05,76100.043815475,0 days 21:08:20.043815
3811,142171758,25,0,36395970176,36395969891,9.527500003514433e-05,76100.0438155,0 days 21:08:20.043816
3812,142171758,25,0,36395970176,36395969892,9.529999999813299e-05,76100.043815525,0 days 21:08:20.043816
3813,142171758,25,0,36395970176,36395969893,9.532499996112165e-05,76100.04381555,0 days 21:08:20.043816
3814,142171758,25,0,36395970176,36395969894,9.535000003779714e-05,76100.043815575,0 days 21:08:20.043816
3815,142171758,25,0,36395970176,36395969895,9.53750000007858e-05,76100.0438156,0 days 21:08:20.043816
3816,142171758,25,0,36395970176,36395969896,9.539999996377446e-05,76100.043815625,0 days 21:08:20.043816
3817,142171758,25,0,36395970176,36395969897,9.542500004044996e-05,76100.04381565,0 days 21:08:20.043816
3818,142171758,25,0,36395970176,36395969898,9.545000000343862e-05,76100.043815675,0 days 21:08:20.043816
3819,142171758,25,0,36395970176,36395969899,9.547499996642728e-05,76100.0438157,0 days 21:08:20.043816
3820,142171758,25,0,36395970176,36395969900,9.550000004310277e-05,76100.043815725,0 days 21:08:20.043816
3821,142171758,25,0,36395970176,36395969901,9.552500000609143e-05,76100.04381575,0 days 21:08:20.043816
3822,142171758,25,0,36395970176,36395969902,9.554999996908009e-05,76100.043815775,0 days 21:08:20.043816
3823,142171758,25,0,36395970176,36395969903,9.557500004575559e-05,76100.0438158,0 days 21:08:20.043816
3824,142171758,25,0,36395970176,36395969904,9.560000000874425e-05,76100.043815825,0 days 21:08:20.043816
3825,142171758,25,0,36395970176,36395969905,9.56249999717329e-05,76100.04381585,0 days 21:08:20.043816
3826,142171758,25,0,36395970176,36395969906,9.56500000484084e-05,76100.043815875,0 days 21:08:20.043816
3827,142171758,25,0,36395970176,36395969907,9.567500001139706e-05,76100.0438159,0 days 21:08:20.043816
3828,142171758,25,0,36395970176,36395969908,9.569999997438572e-05,76100.043815925,0 days 21:08:20.043816
3829,142171758,25,0,36395970176,36395969909,9.572500005106122e-05,76100.04381595,0 days 21:08:20.043816
3830,142171758,25,0,36395970176,36395969910,9.575000001404987e-05,76100.043815975,0 days 21:08:20.043816
3831,142171758,25,0,36395970176,36395969911,9.577499997703853e-05,76100.043816,0 days 21:08:20.043816
3832,142171758,25,0,36395970176,36395969912,9.580000005371403e-05,76100.043816025,0 days 21:08:20.043816
3833,142171758,25,0,36395970176,36395969913,9.582500001670269e-05,76100.04381605,0 days 21:08:20.043816
3834,142171758,25,0,36395970176,36395969914,9.584999997969135e-05,76100.043816075,0 days 21:08:20.043816
3835,142171758,25,0,36395970176,36395969915,9.587500005636684e-05,76100.0438161,0 days 21:08:20.043816
3836,142171758,25,0,36395970176,36395969916,9.59000000193555e-05,76100.043816125,0 days 21:08:20.043816
3837,142171758,25,0,36395970176,36395969917,9.592499998234416e-05,76100.04381615,0 days 21:08:20.043816
3838,142171758,25,0,36395970176,36395969918,9.594999994533282e-05,76100.043816175,0 days 21:08:20.043816
3839,142171758,25,0,36395970176,36395969919,9.597500002200832e-05,76100.0438162,0 days 21:08:20.043816
3840,142171758,25,0,36395970176,36395969920,9.599999998499698e-05,76100.043816225,0 days 21:08:20.043816
3841,142171758,25,0,36395970176,36395969921,9.602499994798563e-05,76100.04381625,0 days 21:08:20.043816
3842,142171758,25,0,36395970176,36395969922,9.605000002466113e-05,76100.043816275,0 days 21:08:20.043816
3843,142171758,25,0,36395970176,36395969923,9.607499998764979e-05,76100.0438163,0 days 21:08:20.043816
3844,142171758,25,0,36395970176,36395969924,9.609999995063845e-05,76100.04381632501,0 days 21:08:20.043816
3845,142171758,25,0,36395970176,36395969925,9.612500002731394e-05,76100.04381635001,0 days 21:08:20.043816
3846,142171758,25,0,36395970176,36395969926,9.61499999903026e-05,76100.04381637501,0 days 21:08:20.043816
3847,142171758,25,0,36395970176,36395969927,9.617499995329126e-05,76100.04381640001,0 days 21:08:20.043816
3848,142171758,25,0,36395970176,36395969928,9.620000002996676e-05,76100.04381642501,0 days 21:08:20.043816
3849,142171758,25,0,36395970176,36395969929,9.622499999295542e-05,76100.04381645001,0 days 21:08:20.043816
3850,142171758,25,0,36395970176,36395969930,9.624999995594408e-05,76100.04381647501,0 days 21:08:20.043816
3851,142171758,25,0,36395970176,36395969931,9.627500003261957e-05,76100.04381650001,0 days 21:08:20.043817
3852,142171758,25,0,36395970176,36395969932,9.629999999560823e-05,76100.04381652501,0 days 21:08:20.043817
3853,142171758,25,0,36395970176,36395969933,9.632499995859689e-05,76100.04381655001,0 days 21:08:20.043817
3854,142171758,25,0,36395970176,36395969934,9.635000003527239e-05,76100.04381657501,0 days 21:08:20.043817
3855,142171758,25,0,36395970176,36395969935,9.637499999826105e-05,76100.04381660001,0 days 21:08:20.043817
3856,142171758,25,0,36395970176,36395969936,9.63999999612497e-05,76100.04381662501,0 days 21:08:20.043817
3857,142171758,25,0,36395970176,36395969937,9.64250000379252e-05,76100.04381665001,0 days 21:08:20.043817
3858,142171758,25,0,36395970176,36395969938,9.645000000091386e-05,76100.04381667501,0 days 21:08:20.043817
3859,142171758,25,0,36395970176,36395969939,9.647499996390252e-05,76100.04381670001,0 days 21:08:20.043817
3860,142171758,25,0,36395970176,36395969940,9.650000004057802e-05,76100.04381672501,0 days 21:08:20.043817
3861,142171758,25,0,36395970176,36395969941,9.652500000356667e-05,76100.04381675001,0 days 21:08:20.043817
3862,142171758,25,0,36395970176,36395969942,9.654999996655533e-05,76100.04381677501,0 days 21:08:20.043817
3863,142171758,25,0,36395970176,36395969943,9.657500004323083e-05,76100.04381680001,0 days 21:08:20.043817
3864,142171758,25,0,36395970176,36395969944,9.660000000621949e-05,76100.04381682501,0 days 21:08:20.043817
3865,142171758,25,0,36395970176,36395969945,9.662499996920815e-05,76100.04381685,0 days 21:08:20.043817
3866,142171758,25,0,36395970176,36395969946,9.665000004588364e-05,76100.043816875,0 days 21:08:20.043817
3867,142171758,25,0,36395970176,36395969947,9.66750000088723e-05,76100.0438169,0 days 21:08:20.043817
3868,142171758,25,0,36395970176,36395969948,9.669999997186096e-05,76100.043816925,0 days 21:08:20.043817
3869,142171758,25,0,36395970176,36395969949,9.672500004853646e-05,76100.04381695,0 days 21:08:20.043817
3870,142171758,25,0,36395970176,36395969950,9.675000001152512e-05,76100.043816975,0 days 21:08:20.043817
3871,142171758,25,0,36395970176,36395969951,9.677499997451378e-05,76100.043817,0 days 21:08:20.043817
3872,142171758,25,0,36395970176,36395969952,9.680000005118927e-05,76100.043817025,0 days 21:08:20.043817
3873,142171758,25,0,36395970176,36395969953,9.682500001417793e-05,76100.04381705,0 days 21:08:20.043817
3874,142171758,25,0,36395970176,36395969954,9.684999997716659e-05,76100.043817075,0 days 21:08:20.043817
3875,142171758,25,0,36395970176,36395969955,9.687500005384209e-05,76100.0438171,0 days 21:08:20.043817
3876,142171758,25,0,36395970176,36395969956,9.690000001683075e-05,76100.043817125,0 days 21:08:20.043817
3877,142171758,25,0,36395970176,36395969957,9.69249999798194e-05,76100.04381715,0 days 21:08:20.043817
3878,142171758,25,0,36395970176,36395969958,9.69500000564949e-05,76100.043817175,0 days 21:08:20.043817
3879,142171758,25,0,36395970176,36395969959,9.697500001948356e-05,76100.0438172,0 days 21:08:20.043817
3880,142171758,25,0,36395970176,36395969960,9.699999998247222e-05,76100.043817225,0 days 21:08:20.043817
3881,142171758,25,0,36395970176,36395969961,9.702499994546088e-05,76100.04381725,0 days 21:08:20.043817
3882,142171758,25,0,36395970176,36395969962,9.705000002213637e-05,76100.043817275,0 days 21:08:20.043817
3883,142171758,25,0,36395970176,36395969963,9.707499998512503e-05,76100.0438173,0 days 21:08:20.043817
3884,142171758,25,0,36395970176,36395969964,9.709999994811369e-05,76100.043817325,0 days 21:08:20.043817
3885,142171758,25,0,36395970176,36395969965,9.712500002478919e-05,76100.04381735,0 days 21:08:20.043817
3886,142171758,25,0,36395970176,36395969966,9.714999998777785e-05,76100.043817375,0 days 21:08:20.043817
3887,142171758,25,0,36395970176,36395969967,9.71749999507665e-05,76100.0438174,0 days 21:08:20.043817
3888,142171758,25,0,36395970176,36395969968,9.7200000027442e-05,76100.043817425,0 days 21:08:20.043817
3889,142171758,25,0,36395970176,36395969969,9.722499999043066e-05,76100.04381745,0 days 21:08:20.043817
3890,142171758,25,0,36395970176,36395969970,9.724999995341932e-05,76100.043817475,0 days 21:08:20.043817
3891,142171758,25,0,36395970176,36395969971,9.727500003009482e-05,76100.0438175,0 days 21:08:20.043818
3892,142171758,25,0,36395970176,36395969972,9.729999999308347e-05,76100.043817525,0 days 21:08:20.043818
3893,142171758,25,0,36395970176,36395969973,9.732499995607213e-05,76100.04381755,0 days 21:08:20.043818
3894,142171758,25,0,36395970176,36395969974,9.735000003274763e-05,76100.043817575,0 days 21:08:20.043818
3895,142171758,25,0,36395970176,36395969975,9.737499999573629e-05,76100.0438176,0 days 21:08:20.043818
3896,142171758,25,0,36395970176,36395969976,9.739999995872495e-05,76100.043817625,0 days 21:08:20.043818
3897,142171758,25,0,36395970176,36395969977,9.742500003540044e-05,76100.04381765,0 days 21:08:20.043818
3898,142171758,25,0,36395970176,36395969978,9.74499999983891e-05,76100.043817675,0 days 21:08:20.043818
3899,142171758,25,0,36395970176,36395969979,9.747499996137776e-05,76100.0438177,0 days 21:08:20.043818
3900,142171758,25,0,36395970176,36395969980,9.750000003805326e-05,76100.043817725,0 days 21:08:20.043818
3901,142171758,25,0,36395970176,36395969981,9.752500000104192e-05,76100.04381775,0 days 21:08:20.043818
3902,142171758,25,0,36395970176,36395969982,9.754999996403058e-05,76100.043817775,0 days 21:08:20.043818
3903,142171758,25,0,36395970176,36395969983,9.757500004070607e-05,76100.0438178,0 days 21:08:20.043818
3904,142171758,25,0,36395970176,36395969984,9.760000000369473e-05,76100.043817825,0 days 21:08:20.043818
3905,142171758,25,0,36395970176,36395969985,9.762499996668339e-05,76100.04381785,0 days 21:08:20.043818
3906,142171758,25,0,36395970176,36395969986,9.765000004335889e-05,76100.043817875,0 days 21:08:20.043818
3907,142171758,25,0,36395970176,36395969987,9.767500000634755e-05,76100.0438179,0 days 21:08:20.043818
3908,142171758,25,0,36395970176,36395969988,9.76999999693362e-05,76100.043817925,0 days 21:08:20.043818
3909,142171758,25,0,36395970176,36395969989,9.77250000460117e-05,76100.04381795,0 days 21:08:20.043818
3910,142171758,25,0,36395970176,36395969990,9.775000000900036e-05,76100.043817975,0 days 21:08:20.043818
3911,142171758,25,0,36395970176,36395969991,9.777499997198902e-05,76100.043818,0 days 21:08:20.043818
3912,142171758,25,0,36395970176,36395969992,9.780000004866451e-05,76100.043818025,0 days 21:08:20.043818
3913,142171758,25,0,36395970176,36395969993,9.782500001165317e-05,76100.04381805,0 days 21:08:20.043818
3914,142171758,25,0,36395970176,36395969994,9.784999997464183e-05,76100.043818075,0 days 21:08:20.043818
3915,142171758,25,0,36395970176,36395969995,9.787500005131733e-05,76100.0438181,0 days 21:08:20.043818
3916,142171758,25,0,36395970176,36395969996,9.790000001430599e-05,76100.043818125,0 days 21:08:20.043818
3917,142171758,25,0,36395970176,36395969997,9.792499997729465e-05,76100.04381815,0 days 21:08:20.043818
3918,142171758,25,0,36395970176,36395969998,9.795000005397014e-05,76100.043818175,0 days 21:08:20.043818
3919,142171758,25,0,36395970176,36395969999,9.79750000169588e-05,76100.0438182,0 days 21:08:20.043818
3920,142171758,25,0,36395970176,36395970000,9.799999997994746e-05,76100.043818225,0 days 21:08:20.043818
3921,142171758,25,0,36395970176,36395970001,9.802500005662296e-05,76100.04381825001,0 days 21:08:20.043818
3922,142171758,25,0,36395970176,36395970002,9.805000001961162e-05,76100.04381827501,0 days 21:08:20.043818
3923,142171758,25,0,36395970176,36395970003,9.807499998260027e-05,76100.04381830001,0 days 21:08:20.043818
3924,142171758,25,0,36395970176,36395970004,9.809999994558893e-05,76100.04381832501,0 days 21:08:20.043818
3925,142171758,25,0,36395970176,36395970005,9.812500002226443e-05,76100.04381835001,0 days 21:08:20.043818
3926,142171758,25,0,36395970176,36395970006,9.814999998525309e-05,76100.04381837501,0 days 21:08:20.043818
3927,142171758,25,0,36395970176,36395970007,9.817499994824175e-05,76100.04381840001,0 days 21:08:20.043818
3928,142171758,25,0,36395970176,36395970008,9.820000002491724e-05,76100.04381842501,0 days 21:08:20.043818
3929,142171758,25,0,36395970176,36395970009,9.82249999879059e-05,76100.04381845001,0 days 21:08:20.043818
3930,142171758,25,0,36395970176,36395970010,9.824999995089456e-05,76100.04381847501,0 days 21:08:20.043818
3931,142171758,25,0,36395970176,36395970011,9.827500002757006e-05,76100.04381850001,0 days 21:08:20.043819
3932,142171758,25,0,36395970176,36395970012,9.829999999055872e-05,76100.04381852501,0 days 21:08:20.043819
3933,142171758,25,0,36395970176,36395970013,9.832499995354738e-05,76100.04381855001,0 days 21:08:20.043819
3934,142171758,25,0,36395970176,36395970014,9.835000003022287e-05,76100.04381857501,0 days 21:08:20.043819
3935,142171758,25,0,36395970176,36395970015,9.837499999321153e-05,76100.04381860001,0 days 21:08:20.043819
3936,142171758,25,0,36395970176,36395970016,9.839999995620019e-05,76100.04381862501,0 days 21:08:20.043819
3937,142171758,25,0,36395970176,36395970017,9.842500003287569e-05,76100.04381865001,0 days 21:08:20.043819
3938,142171758,25,0,36395970176,36395970018,9.844999999586435e-05,76100.04381867501,0 days 21:08:20.043819
3939,142171758,25,0,36395970176,36395970019,9.8474999958853e-05,76100.04381870001,0 days 21:08:20.043819
3940,142171758,25,0,36395970176,36395970020,9.85000000355285e-05,76100.04381872501,0 days 21:08:20.043819
3941,142171758,25,0,36395970176,36395970021,9.852499999851716e-05,76100.04381875001,0 days 21:08:20.043819
3942,142171758,25,0,36395970176,36395970022,9.854999996150582e-05,76100.043818775,0 days 21:08:20.043819
3943,142171758,25,0,36395970176,36395970023,9.857500003818132e-05,76100.0438188,0 days 21:08:20.043819
3944,142171758,25,0,36395970176,36395970024,9.860000000116997e-05,76100.043818825,0 days 21:08:20.043819
3945,142171758,25,0,36395970176,36395970025,9.862499996415863e-05,76100.04381885,0 days 21:08:20.043819
3946,142171758,25,0,36395970176,36395970026,9.865000004083413e-05,76100.043818875,0 days 21:08:20.043819
3947,142171758,25,0,36395970176,36395970027,9.867500000382279e-05,76100.0438189,0 days 21:08:20.043819
3948,142171758,25,0,36395970176,36395970028,9.869999996681145e-05,76100.043818925,0 days 21:08:20.043819
3949,142171758,25,0,36395970176,36395970029,9.872500004348694e-05,76100.04381895,0 days 21:08:20.043819
3950,142171758,25,0,36395970176,36395970030,9.87500000064756e-05,76100.043818975,0 days 21:08:20.043819
3951,142171758,25,0,36395970176,36395970031,9.877499996946426e-05,76100.043819,0 days 21:08:20.043819
3952,142171758,25,0,36395970176,36395970032,9.880000004613976e-05,76100.043819025,0 days 21:08:20.043819
3953,142171758,25,0,36395970176,36395970033,9.882500000912842e-05,76100.04381905,0 days 21:08:20.043819
3954,142171758,25,0,36395970176,36395970034,9.884999997211708e-05,76100.043819075,0 days 21:08:20.043819
3955,142171758,25,0,36395970176,36395970035,9.887500004879257e-05,76100.0438191,0 days 21:08:20.043819
3956,142171758,25,0,36395970176,36395970036,9.890000001178123e-05,76100.043819125,0 days 21:08:20.043819
3957,142171758,25,0,36395970176,36395970037,9.892499997476989e-05,76100.04381915,0 days 21:08:20.043819
3958,142171758,25,0,36395970176,36395970038,9.895000005144539e-05,76100.043819175,0 days 21:08:20.043819
3959,142171758,25,0,36395970176,36395970039,9.897500001443404e-05,76100.0438192,0 days 21:08:20.043819
3960,142171758,25,0,36395970176,36395970040,9.89999999774227e-05,76100.043819225,0 days 21:08:20.043819
3961,142171758,25,0,36395970176,36395970041,9.90250000540982e-05,76100.04381925,0 days 21:08:20.043819
3962,142171758,25,0,36395970176,36395970042,9.905000001708686e-05,76100.043819275,0 days 21:08:20.043819
3963,142171758,25,0,36395970176,36395970043,9.907499998007552e-05,76100.0438193,0 days 21:08:20.043819
3964,142171758,25,0,36395970176,36395970044,9.910000005675101e-05,76100.043819325,0 days 21:08:20.043819
3965,142171758,25,0,36395970176,36395970045,9.912500001973967e-05,76100.04381935,0 days 21:08:20.043819
3966,142171758,25,0,36395970176,36395970046,9.914999998272833e-05,76100.043819375,0 days 21:08:20.043819
3967,142171758,25,0,36395970176,36395970047,9.917499994571699e-05,76100.0438194,0 days 21:08:20.043819
3968,142171758,25,0,36395970176,36395970048,9.920000002239249e-05,76100.043819425,0 days 21:08:20.043819
3969,142171758,25,0,36395970176,36395970049,9.922499998538115e-05,76100.04381945,0 days 21:08:20.043819
3970,142171758,25,0,36395970176,36395970050,9.92499999483698e-05,76100.043819475,0 days 21:08:20.043819
3971,142171758,25,0,36395970176,36395970051,9.92750000250453e-05,76100.0438195,0 days 21:08:20.043820
3972,142171758,25,0,36395970176,36395970052,9.929999998803396e-05,76100.043819525,0 days 21:08:20.043820
3973,142171758,25,0,36395970176,36395970053,9.932499995102262e-05,76100.04381955,0 days 21:08:20.043820
3974,142171758,25,0,36395970176,36395970054,9.935000002769812e-05,76100.043819575,0 days 21:08:20.043820
3975,142171758,25,0,36395970176,36395970055,9.937499999068677e-05,76100.0438196,0 days 21:08:20.043820
3976,142171758,25,0,36395970176,36395970056,9.939999995367543e-05,76100.043819625,0 days 21:08:20.043820
3977,142171758,25,0,36395970176,36395970057,9.942500003035093e-05,76100.04381965,0 days 21:08:20.043820
3978,142171758,25,0,36395970176,36395970058,9.944999999333959e-05,76100.043819675,0 days 21:08:20.043820
3979,142171758,25,0,36395970176,36395970059,9.947499995632825e-05,76100.0438197,0 days 21:08:20.043820
3980,142171758,25,0,36395970176,36395970060,9.950000003300374e-05,76100.043819725,0 days 21:08:20.043820
3981,142171758,25,0,36395970176,36395970061,9.95249999959924e-05,76100.04381975,0 days 21:08:20.043820
3982,142171758,25,0,36395970176,36395970062,9.954999995898106e-05,76100.043819775,0 days 21:08:20.043820
3983,142171758,25,0,36395970176,36395970063,9.957500003565656e-05,76100.0438198,0 days 21:08:20.043820
3984,142171758,25,0,36395970176,36395970064,9.959999999864522e-05,76100.043819825,0 days 21:08:20.043820
3985,142171758,25,0,36395970176,36395970065,9.962499996163388e-05,76100.04381985,0 days 21:08:20.043820
3986,142171758,25,0,36395970176,36395970066,9.965000003830937e-05,76100.043819875,0 days 21:08:20.043820
3987,142171758,25,0,36395970176,36395970067,9.967500000129803e-05,76100.0438199,0 days 21:08:20.043820
3988,142171758,25,0,36395970176,36395970068,9.969999996428669e-05,76100.043819925,0 days 21:08:20.043820
3989,142171758,25,0,36395970176,36395970069,9.972500004096219e-05,76100.04381995,0 days 21:08:20.043820
3990,142171758,25,0,36395970176,36395970070,9.975000000395084e-05,76100.043819975,0 days 21:08:20.043820
3991,142171758,25,0,36395970176,36395970071,9.97749999669395e-05,76100.04382,0 days 21:08:20.043820
3992,142171758,25,0,36395970176,36395970072,9.9800000043615e-05,76100.043820025,0 days 21:08:20.043820
3993,142171758,25,0,36395970176,36395970073,9.982500000660366e-05,76100.04382005,0 days 21:08:20.043820
3994,142171758,25,0,36395970176,36395970074,9.984999996959232e-05,76100.043820075,0 days 21:08:20.043820
3995,142171758,25,0,36395970176,36395970075,9.987500004626781e-05,76100.0438201,0 days 21:08:20.043820
3996,142171758,25,0,36395970176,36395970076,9.990000000925647e-05,76100.043820125,0 days 21:08:20.043820
3997,142171758,25,0,36395970176,36395970077,9.992499997224513e-05,76100.04382015001,0 days 21:08:20.043820
3998,142171758,25,0,36395970176,36395970078,9.995000004892063e-05,76100.04382017501,0 days 21:08:20.043820
3999,142171758,25,0,36395970176,36395970079,9.997500001190929e-05,76100.04382020001,0 days 21:08:20.043820
4000,142171758,25,0,36395970176,36395970080,9.999999997489795e-05,76100.04382022501,0 days 21:08:20.043820
4001,142171758,25,0,36395970176,36395970081,0.00010002500005157344,76100.04382025001,0 days 21:08:20.043820
4002,142171758,25,0,36395970176,36395970082,0.0001000500000145621,76100.04382027501,0 days 21:08:20.043820
4003,142171758,25,0,36395970176,36395970083,0.00010007499997755076,76100.04382030001,0 days 21:08:20.043820
4004,142171758,25,0,36395970176,36395970084,0.00010010000005422626,76100.04382032501,0 days 21:08:20.043820
4005,142171758,25,0,36395970176,36395970085,0.00010012500001721492,76100.04382035001,0 days 21:08:20.043820
4006,142171758,25,0,36395970176,36395970086,0.00010014999998020357,76100.04382037501,0 days 21:08:20.043820
4007,142171758,25,0,36395970176,36395970087,0.00010017500005687907,76100.04382040001,0 days 21:08:20.043820
4008,142171758,25,0,36395970176,36395970088,0.00010020000001986773,76100.04382042501,0 days 21:08:20.043820
4009,142171758,25,0,36395970176,36395970089,0.00010022499998285639,76100.04382045001,0 days 21:08:20.043820
4010,142171758,25,0,36395970176,36395970090,0.00010024999994584505,76100.04382047501,0 days 21:08:20.043820
4011,142171758,26,0,36395970176,36395970091,0.00010027500002252054,76100.04382050001,0 days 21:08:20.043821
4012,142171758,25,0,36395970176,36395970092,0.0001002999999855092,76100.04382052501,0 days 21:08:20.043821
4013,142171758,25,0,36395970176,36395970093,0.00010032499994849786,76100.04382055001,0 days 21:08:20.043821
4014,142171758,25,0,36395970176,36395970094,0.00010035000002517336,76100.04382057501,0 days 21:08:20.043821
4015,142171758,25,0,36395970176,36395970095,0.00010037499998816202,76100.04382060001,0 days 21:08:20.043821
4016,142171758,25,0,36395970176,36395970096,0.00010039999995115068,76100.04382062501,0 days 21:08:20.043821
4017,142171758,25,0,36395970176,36395970097,0.00010042500002782617,76100.04382065001,0 days 21:08:20.043821
4018,142171758,25,0,36395970176,36395970098,0.00010044999999081483,76100.043820675,0 days 21:08:20.043821
4019,142171758,25,0,36395970176,36395970099,0.00010047499995380349,76100.0438207,0 days 21:08:20.043821
4020,142171758,25,0,36395970176,36395970100,0.00010050000003047899,76100.043820725,0 days 21:08:20.043821
4021,142171758,25,0,36395970176,36395970101,0.00010052499999346765,76100.04382075,0 days 21:08:20.043821
4022,142171758,25,0,36395970176,36395970102,0.0001005499999564563,76100.043820775,0 days 21:08:20.043821
4023,142171758,25,0,36395970176,36395970103,0.0001005750000331318,76100.0438208,0 days 21:08:20.043821
4024,142171758,25,0,36395970176,36395970104,0.00010059999999612046,76100.043820825,0 days 21:08:20.043821
4025,142171758,25,0,36395970176,36395970105,0.00010062499995910912,76100.04382085,0 days 21:08:20.043821
4026,142171758,25,0,36395970176,36395970106,0.00010065000003578461,76100.043820875,0 days 21:08:20.043821
4027,142171758,25,0,36395970176,36395970107,0.00010067499999877327,76100.0438209,0 days 21:08:20.043821
4028,142171758,25,0,36395970176,36395970108,0.00010069999996176193,76100.043820925,0 days 21:08:20.043821
4029,142171758,25,0,36395970176,36395970109,0.00010072500003843743,76100.04382095,0 days 21:08:20.043821
4030,142171758,25,0,36395970176,36395970110,0.00010075000000142609,76100.043820975,0 days 21:08:20.043821
4031,142171758,25,0,36395970176,36395970111,0.00010077499996441475,76100.043821,0 days 21:08:20.043821
4032,142171758,25,0,36395970176,36395970112,0.00010080000004109024,76100.043821025,0 days 21:08:20.043821
4033,142171758,25,0,36395970176,36395970113,0.0001008250000040789,76100.04382105,0 days 21:08:20.043821
4034,142171758,25,0,36395970176,36395970114,0.00010084999996706756,76100.043821075,0 days 21:08:20.043821
4035,142171758,25,0,36395970176,36395970115,0.00010087500004374306,76100.0438211,0 days 21:08:20.043821
4036,142171758,25,0,36395970176,36395970116,0.00010090000000673172,76100.043821125,0 days 21:08:20.043821
4037,142171758,25,0,36395970176,36395970117,0.00010092499996972037,76100.04382115,0 days 21:08:20.043821
4038,142171758,25,0,36395970176,36395970118,0.00010095000004639587,76100.043821175,0 days 21:08:20.043821
4039,142171758,25,0,36395970176,36395970119,0.00010097500000938453,76100.0438212,0 days 21:08:20.043821
4040,142171758,25,0,36395970176,36395970120,0.00010099999997237319,76100.043821225,0 days 21:08:20.043821
4041,142171758,25,0,36395970176,36395970121,0.00010102500004904869,76100.04382125,0 days 21:08:20.043821
4042,142171758,25,0,36395970176,36395970122,0.00010105000001203734,76100.043821275,0 days 21:08:20.043821
4043,142171758,25,0,36395970176,36395970123,0.000101074999975026,76100.0438213,0 days 21:08:20.043821
4044,142171758,25,0,36395970176,36395970124,0.0001011000000517015,76100.043821325,0 days 21:08:20.043821
4045,142171758,25,0,36395970176,36395970125,0.00010112500001469016,76100.04382135,0 days 21:08:20.043821
4046,142171758,25,0,36395970176,36395970126,0.00010114999997767882,76100.043821375,0 days 21:08:20.043821
4047,142171758,25,0,36395970176,36395970127,0.00010117500005435431,76100.0438214,0 days 21:08:20.043821
4048,142171758,25,0,36395970176,36395970128,0.00010120000001734297,76100.043821425,0 days 21:08:20.043821
4049,142171758,25,0,36395970176,36395970129,0.00010122499998033163,76100.04382145,0 days 21:08:20.043821
4050,142171758,25,0,36395970176,36395970130,0.00010125000005700713,76100.043821475,0 days 21:08:20.043821
4051,142171758,25,0,36395970176,36395970131,0.00010127500001999579,76100.0438215,0 days 21:08:20.043822
4052,142171758,25,0,36395970176,36395970132,0.00010129999998298445,76100.043821525,0 days 21:08:20.043822
4053,142171758,25,0,36395970176,36395970133,0.0001013249999459731,76100.04382155,0 days 21:08:20.043822
4054,142171758,25,0,36395970176,36395970134,0.0001013500000226486,76100.043821575,0 days 21:08:20.043822
4055,142171758,25,0,36395970176,36395970135,0.00010137499998563726,76100.0438216,0 days 21:08:20.043822
4056,142171758,25,0,36395970176,36395970136,0.00010139999994862592,76100.043821625,0 days 21:08:20.043822
4057,142171758,25,0,36395970176,36395970137,0.00010142500002530142,76100.04382165,0 days 21:08:20.043822
4058,142171758,25,0,36395970176,36395970138,0.00010144999998829007,76100.043821675,0 days 21:08:20.043822
4059,142171758,25,0,36395970176,36395970139,0.00010147499995127873,76100.0438217,0 days 21:08:20.043822
4060,142171758,25,0,36395970176,36395970140,0.00010150000002795423,76100.043821725,0 days 21:08:20.043822
4061,142171758,25,0,36395970176,36395970141,0.00010152499999094289,76100.04382175,0 days 21:08:20.043822
4062,142171758,25,0,36395970176,36395970142,0.00010154999995393155,76100.043821775,0 days 21:08:20.043822
4063,142171758,25,0,36395970176,36395970143,0.00010157500003060704,76100.0438218,0 days 21:08:20.043822
4064,142171758,25,0,36395970176,36395970144,0.0001015999999935957,76100.043821825,0 days 21:08:20.043822
4065,142171758,51,0,36395970176,36395970145,0.00010162499995658436,76100.04382185,0 days 21:08:20.043822
4066,142171758,134,0,36395970176,36395970146,0.00010165000003325986,76100.043821875,0 days 21:08:20.043822
4067,142171758,188,0,36395970176,36395970147,0.00010167499999624852,76100.0438219,0 days 21:08:20.043822
4068,142171758,142,0,36395970176,36395970148,0.00010169999995923718,76100.043821925,0 days 21:08:20.043822
4069,142171758,66,0,36395970176,36395970149,0.00010172500003591267,76100.04382195,0 days 21:08:20.043822
4070,142171758,16,0,36395970176,36395970150,0.00010174999999890133,76100.043821975,0 days 21:08:20.043822
4071,142171758,3,0,36395970176,36395970151,0.00010177499996188999,76100.043822,0 days 21:08:20.043822
4072,142171758,15,0,36395970176,36395970152,0.00010180000003856549,76100.043822025,0 days 21:08:20.043822
4073,142171758,29,0,36395970176,36395970153,0.00010182500000155414,76100.04382205001,0 days 21:08:20.043822
4074,142171758,31,0,36395970176,36395970154,0.0001018499999645428,76100.04382207501,0 days 21:08:20.043822
4075,142171758,28,0,36395970176,36395970155,0.0001018750000412183,76100.04382210001,0 days 21:08:20.043822
4076,142171758,27,0,36395970176,36395970156,0.00010190000000420696,76100.04382212501,0 days 21:08:20.043822
4077,142171758,25,0,36395970176,36395970157,0.00010192499996719562,76100.04382215001,0 days 21:08:20.043822
4078,142171758,25,0,36395970176,36395970158,0.00010195000004387111,76100.04382217501,0 days 21:08:20.043822
4079,142171758,26,0,36395970176,36395970159,0.00010197500000685977,76100.04382220001,0 days 21:08:20.043822
4080,142171758,26,0,36395970176,36395970160,0.00010199999996984843,76100.04382222501,0 days 21:08:20.043822
4081,142171758,26,0,36395970176,36395970161,0.00010202500004652393,76100.04382225001,0 days 21:08:20.043822
4082,142171758,26,0,36395970176,36395970162,0.00010205000000951259,76100.04382227501,0 days 21:08:20.043822
4083,142171758,26,0,36395970176,36395970163,0.00010207499997250125,76100.04382230001,0 days 21:08:20.043822
4084,142171758,26,0,36395970176,36395970164,0.00010210000004917674,76100.04382232501,0 days 21:08:20.043822
4085,142171758,26,0,36395970176,36395970165,0.0001021250000121654,76100.04382235001,0 days 21:08:20.043822
4086,142171758,26,0,36395970176,36395970166,0.00010214999997515406,76100.04382237501,0 days 21:08:20.043822
4087,142171758,26,0,36395970176,36395970167,0.00010217500005182956,76100.04382240001,0 days 21:08:20.043822
4088,142171758,26,0,36395970176,36395970168,0.00010220000001481822,76100.04382242501,0 days 21:08:20.043822
4089,142171758,26,0,36395970176,36395970169,0.00010222499997780687,76100.04382245001,0 days 21:08:20.043822
4090,142171758,26,0,36395970176,36395970170,0.00010225000005448237,76100.04382247501,0 days 21:08:20.043822
4091,142171758,31,0,36395970176,36395970171,0.00010227500001747103,76100.04382250001,0 days 21:08:20.043823
4092,142171758,34,0,36395970176,36395970172,0.00010229999998045969,76100.04382252501,0 days 21:08:20.043823
4093,142171758,30,0,36395970176,36395970173,0.00010232500005713518,76100.04382255001,0 days 21:08:20.043823
4094,142171758,27,0,36395970176,36395970174,0.00010235000002012384,76100.04382257501,0 days 21:08:20.043823
4095,142171758,26,0,36395970176,36395970175,0.0001023749999831125,76100.0438226,0 days 21:08:20.043823
4096,142171758,25,0,36395970176,36395970176,0.00010239999994610116,76100.043822625,0 days 21:08:20.043823
4097,142171758,26,0,36395970176,36395970177,0.00010242500002277666,76100.04382265,0 days 21:08:20.043823
4098,142171758,26,0,36395970176,36395970178,0.00010244999998576532,76100.043822675,0 days 21:08:20.043823
4099,142171758,26,0,36395970176,36395970179,0.00010247499994875398,76100.0438227,0 days 21:08:20.043823
4100,142171758,26,0,36395970176,36395970180,0.00010250000002542947,76100.043822725,0 days 21:08:20.043823
4101,142171758,26,0,36395970176,36395970181,0.00010252499998841813,76100.04382275,0 days 21:08:20.043823
4102,142171758,25,0,36395970176,36395970182,0.00010254999995140679,76100.043822775,0 days 21:08:20.043823
4103,142171758,26,0,36395970176,36395970183,0.00010257500002808229,76100.0438228,0 days 21:08:20.043823
4104,142171758,25,0,36395970176,36395970184,0.00010259999999107094,76100.043822825,0 days 21:08:20.043823
4105,142171758,25,0,36395970176,36395970185,0.0001026249999540596,76100.04382285,0 days 21:08:20.043823
4106,142171758,25,0,36395970176,36395970186,0.0001026500000307351,76100.043822875,0 days 21:08:20.043823
4107,142171758,25,0,36395970176,36395970187,0.00010267499999372376,76100.0438229,0 days 21:08:20.043823
4108,142171758,26,0,36395970176,36395970188,0.00010269999995671242,76100.043822925,0 days 21:08:20.043823
4109,142171758,26,0,36395970176,36395970189,0.00010272500003338791,76100.04382295,0 days 21:08:20.043823
4110,142171758,25,0,36395970176,36395970190,0.00010274999999637657,76100.043822975,0 days 21:08:20.043823
4111,142171758,25,0,36395970176,36395970191,0.00010277499995936523,76100.043823,0 days 21:08:20.043823
4112,142171758,25,0,36395970176,36395970192,0.00010280000003604073,76100.043823025,0 days 21:08:20.043823
4113,142171758,25,0,36395970176,36395970193,0.00010282499999902939,76100.04382305,0 days 21:08:20.043823
4114,142171758,25,0,36395970176,36395970194,0.00010284999996201805,76100.043823075,0 days 21:08:20.043823
4115,142171758,25,0,36395970176,36395970195,0.00010287500003869354,76100.0438231,0 days 21:08:20.043823
4116,142171758,25,0,36395970176,36395970196,0.0001029000000016822,76100.043823125,0 days 21:08:20.043823
4117,142171758,25,0,36395970176,36395970197,0.00010292499996467086,76100.04382315,0 days 21:08:20.043823
4118,142171758,25,0,36395970176,36395970198,0.00010295000004134636,76100.043823175,0 days 21:08:20.043823
4119,142171758,25,0,36395970176,36395970199,0.00010297500000433502,76100.0438232,0 days 21:08:20.043823
4120,142171758,25,0,36395970176,36395970200,0.00010299999996732367,76100.043823225,0 days 21:08:20.043823
4121,142171758,26,0,36395970176,36395970201,0.00010302500004399917,76100.04382325,0 days 21:08:20.043823
4122,142171758,26,0,36395970176,36395970202,0.00010305000000698783,76100.043823275,0 days 21:08:20.043823
4123,142171758,25,0,36395970176,36395970203,0.00010307499996997649,76100.0438233,0 days 21:08:20.043823
4124,142171758,25,0,36395970176,36395970204,0.00010310000004665199,76100.043823325,0 days 21:08:20.043823
4125,142171758,25,0,36395970176,36395970205,0.00010312500000964064,76100.04382335,0 days 21:08:20.043823
4126,142171758,25,0,36395970176,36395970206,0.0001031499999726293,76100.043823375,0 days 21:08:20.043823
4127,142171758,25,0,36395970176,36395970207,0.0001031750000493048,76100.0438234,0 days 21:08:20.043823
4128,142171758,26,0,36395970176,36395970208,0.00010320000001229346,76100.043823425,0 days 21:08:20.043823
4129,142171758,25,0,36395970176,36395970209,0.00010322499997528212,76100.04382345,0 days 21:08:20.043823
4130,142171758,25,0,36395970176,36395970210,0.00010325000005195761,76100.043823475,0 days 21:08:20.043823
4131,142171758,25,0,36395970176,36395970211,0.00010327500001494627,76100.0438235,0 days 21:08:20.043824
4132,142171758,25,0,36395970176,36395970212,0.00010329999997793493,76100.043823525,0 days 21:08:20.043824
4133,142171758,25,0,36395970176,36395970213,0.00010332500005461043,76100.04382355,0 days 21:08:20.043824
4134,142171758,25,0,36395970176,36395970214,0.00010335000001759909,76100.043823575,0 days 21:08:20.043824
4135,142171758,25,0,36395970176,36395970215,0.00010337499998058775,76100.0438236,0 days 21:08:20.043824
4136,142171758,25,0,36395970176,36395970216,0.00010340000005726324,76100.043823625,0 days 21:08:20.043824
4137,142171758,25,0,36395970176,36395970217,0.0001034250000202519,76100.04382365,0 days 21:08:20.043824
4138,142171758,25,0,36395970176,36395970218,0.00010344999998324056,76100.043823675,0 days 21:08:20.043824
4139,142171758,25,0,36395970176,36395970219,0.00010347499994622922,76100.0438237,0 days 21:08:20.043824
4140,142171758,25,0,36395970176,36395970220,0.00010350000002290471,76100.043823725,0 days 21:08:20.043824
4141,142171758,25,0,36395970176,36395970221,0.00010352499998589337,76100.04382375,0 days 21:08:20.043824
4142,142171758,25,0,36395970176,36395970222,0.00010354999994888203,76100.043823775,0 days 21:08:20.043824
4143,142171758,25,0,36395970176,36395970223,0.00010357500002555753,76100.0438238,0 days 21:08:20.043824
4144,142171758,25,0,36395970176,36395970224,0.00010359999998854619,76100.043823825,0 days 21:08:20.043824
4145,142171758,25,0,36395970176,36395970225,0.00010362499995153485,76100.04382385,0 days 21:08:20.043824
4146,142171758,25,0,36395970176,36395970226,0.00010365000002821034,76100.043823875,0 days 21:08:20.043824
4147,142171758,25,0,36395970176,36395970227,0.000103674999991199,76100.0438239,0 days 21:08:20.043824
4148,142171758,25,0,36395970176,36395970228,0.00010369999995418766,76100.043823925,0 days 21:08:20.043824
4149,142171758,25,0,36395970176,36395970229,0.00010372500003086316,76100.04382395,0 days 21:08:20.043824
4150,142171758,25,0,36395970176,36395970230,0.00010374999999385182,76100.04382397501,0 days 21:08:20.043824
4151,142171758,25,0,36395970176,36395970231,0.00010377499995684047,76100.04382400001,0 days 21:08:20.043824
4152,142171758,25,0,36395970176,36395970232,0.00010380000003351597,76100.04382402501,0 days 21:08:20.043824
4153,142171758,25,0,36395970176,36395970233,0.00010382499999650463,76100.04382405001,0 days 21:08:20.043824
4154,142171758,25,0,36395970176,36395970234,0.00010384999995949329,76100.04382407501,0 days 21:08:20.043824
4155,142171758,25,0,36395970176,36395970235,0.00010387500003616879,76100.04382410001,0 days 21:08:20.043824
4156,142171758,25,0,36395970176,36395970236,0.00010389999999915744,76100.04382412501,0 days 21:08:20.043824
4157,142171758,25,0,36395970176,36395970237,0.0001039249999621461,76100.04382415001,0 days 21:08:20.043824
4158,142171758,25,0,36395970176,36395970238,0.0001039500000388216,76100.04382417501,0 days 21:08:20.043824
4159,142171758,25,0,36395970176,36395970239,0.00010397500000181026,76100.04382420001,0 days 21:08:20.043824
4160,142171758,25,0,36395970176,36395970240,0.00010399999996479892,76100.04382422501,0 days 21:08:20.043824
4161,142171758,25,0,36395970176,36395970241,0.00010402500004147441,76100.04382425001,0 days 21:08:20.043824
4162,142171758,25,0,36395970176,36395970242,0.00010405000000446307,76100.04382427501,0 days 21:08:20.043824
4163,142171758,25,0,36395970176,36395970243,0.00010407499996745173,76100.04382430001,0 days 21:08:20.043824
4164,142171758,25,0,36395970176,36395970244,0.00010410000004412723,76100.04382432501,0 days 21:08:20.043824
4165,142171758,25,0,36395970176,36395970245,0.00010412500000711589,76100.04382435001,0 days 21:08:20.043824
4166,142171758,25,0,36395970176,36395970246,0.00010414999997010455,76100.04382437501,0 days 21:08:20.043824
4167,142171758,25,0,36395970176,36395970247,0.00010417500004678004,76100.04382440001,0 days 21:08:20.043824
4168,142171758,25,0,36395970176,36395970248,0.0001042000000097687,76100.04382442501,0 days 21:08:20.043824
4169,142171758,25,0,36395970176,36395970249,0.00010422499997275736,76100.04382445001,0 days 21:08:20.043824
4170,142171758,25,0,36395970176,36395970250,0.00010425000004943286,76100.04382447501,0 days 21:08:20.043824
4171,142171758,25,0,36395970176,36395970251,0.00010427500001242151,76100.0438245,0 days 21:08:20.043824
4172,142171758,25,0,36395970176,36395970252,0.00010429999997541017,76100.043824525,0 days 21:08:20.043825
4173,142171758,25,0,36395970176,36395970253,0.00010432500005208567,76100.04382455,0 days 21:08:20.043825
4174,142171758,25,0,36395970176,36395970254,0.00010435000001507433,76100.043824575,0 days 21:08:20.043825
4175,142171758,25,0,36395970176,36395970255,0.00010437499997806299,76100.0438246,0 days 21:08:20.043825
4176,142171758,25,0,36395970176,36395970256,0.00010440000005473848,76100.043824625,0 days 21:08:20.043825
4177,142171758,25,0,36395970176,36395970257,0.00010442500001772714,76100.04382465,0 days 21:08:20.043825
4178,142171758,25,0,36395970176,36395970258,0.0001044499999807158,76100.043824675,0 days 21:08:20.043825
4179,142171758,25,0,36395970176,36395970259,0.0001044750000573913,76100.0438247,0 days 21:08:20.043825
4180,142171758,25,0,36395970176,36395970260,0.00010450000002037996,76100.043824725,0 days 21:08:20.043825
4181,142171758,25,0,36395970176,36395970261,0.00010452499998336862,76100.04382475,0 days 21:08:20.043825
4182,142171758,25,0,36395970176,36395970262,0.00010454999994635727,76100.043824775,0 days 21:08:20.043825
4183,142171758,26,0,36395970176,36395970263,0.00010457500002303277,76100.0438248,0 days 21:08:20.043825
4184,142171758,25,0,36395970176,36395970264,0.00010459999998602143,76100.043824825,0 days 21:08:20.043825
4185,142171758,25,0,36395970176,36395970265,0.00010462499994901009,76100.04382485,0 days 21:08:20.043825
4186,142171758,25,0,36395970176,36395970266,0.00010465000002568559,76100.043824875,0 days 21:08:20.043825
4187,142171758,25,0,36395970176,36395970267,0.00010467499998867424,76100.0438249,0 days 21:08:20.043825
4188,142171758,25,0,36395970176,36395970268,0.0001046999999516629,76100.043824925,0 days 21:08:20.043825
4189,142171758,25,0,36395970176,36395970269,0.0001047250000283384,76100.04382495,0 days 21:08:20.043825
4190,142171758,25,0,36395970176,36395970270,0.00010474999999132706,76100.043824975,0 days 21:08:20.043825
4191,142171758,25,0,36395970176,36395970271,0.00010477499995431572,76100.043825,0 days 21:08:20.043825
4192,142171758,25,0,36395970176,36395970272,0.00010480000003099121,76100.043825025,0 days 21:08:20.043825
4193,142171758,25,0,36395970176,36395970273,0.00010482499999397987,76100.04382505,0 days 21:08:20.043825
4194,142171758,25,0,36395970176,36395970274,0.00010484999995696853,76100.043825075,0 days 21:08:20.043825
4195,142171758,25,0,36395970176,36395970275,0.00010487500003364403,76100.0438251,0 days 21:08:20.043825
4196,142171758,25,0,36395970176,36395970276,0.00010489999999663269,76100.043825125,0 days 21:08:20.043825
4197,142171758,25,0,36395970176,36395970277,0.00010492499995962135,76100.04382515,0 days 21:08:20.043825
4198,142171758,25,0,36395970176,36395970278,0.00010495000003629684,76100.043825175,0 days 21:08:20.043825
4199,142171758,25,0,36395970176,36395970279,0.0001049749999992855,76100.0438252,0 days 21:08:20.043825
4200,142171758,25,0,36395970176,36395970280,0.00010499999996227416,76100.043825225,0 days 21:08:20.043825
4201,142171758,25,0,36395970176,36395970281,0.00010502500003894966,76100.04382525,0 days 21:08:20.043825
4202,142171758,25,0,36395970176,36395970282,0.00010505000000193832,76100.043825275,0 days 21:08:20.043825
4203,142171758,25,0,36395970176,36395970283,0.00010507499996492697,76100.0438253,0 days 21:08:20.043825
4204,142171758,25,0,36395970176,36395970284,0.00010510000004160247,76100.043825325,0 days 21:08:20.043825
4205,142171758,25,0,36395970176,36395970285,0.00010512500000459113,76100.04382535,0 days 21:08:20.043825
4206,142171758,25,0,36395970176,36395970286,0.00010514999996757979,76100.043825375,0 days 21:08:20.043825
4207,142171758,25,0,36395970176,36395970287,0.00010517500004425528,76100.0438254,0 days 21:08:20.043825
4208,142171758,25,0,36395970176,36395970288,0.00010520000000724394,76100.043825425,0 days 21:08:20.043825
4209,142171758,25,0,36395970176,36395970289,0.0001052249999702326,76100.04382545,0 days 21:08:20.043825
4210,142171758,25,0,36395970176,36395970290,0.0001052500000469081,76100.043825475,0 days 21:08:20.043825
4211,142171758,25,0,36395970176,36395970291,0.00010527500000989676,76100.0438255,0 days 21:08:20.043826
4212,142171758,25,0,36395970176,36395970292,0.00010529999997288542,76100.043825525,0 days 21:08:20.043826
4213,142171758,25,0,36395970176,36395970293,0.00010532500004956091,76100.04382555,0 days 21:08:20.043826
4214,142171758,25,0,36395970176,36395970294,0.00010535000001254957,76100.043825575,0 days 21:08:20.043826
4215,142171758,25,0,36395970176,36395970295,0.00010537499997553823,76100.0438256,0 days 21:08:20.043826
4216,142171758,25,0,36395970176,36395970296,0.00010540000005221373,76100.043825625,0 days 21:08:20.043826
4217,142171758,25,0,36395970176,36395970297,0.00010542500001520239,76100.04382565,0 days 21:08:20.043826
4218,142171758,25,0,36395970176,36395970298,0.00010544999997819104,76100.043825675,0 days 21:08:20.043826
4219,142171758,25,0,36395970176,36395970299,0.00010547500005486654,76100.0438257,0 days 21:08:20.043826
4220,142171758,25,0,36395970176,36395970300,0.0001055000000178552,76100.043825725,0 days 21:08:20.043826
4221,142171758,25,0,36395970176,36395970301,0.00010552499998084386,76100.04382575,0 days 21:08:20.043826
4222,142171758,25,0,36395970176,36395970302,0.00010554999994383252,76100.043825775,0 days 21:08:20.043826
4223,142171758,25,0,36395970176,36395970303,0.00010557500002050801,76100.0438258,0 days 21:08:20.043826
4224,142171758,25,0,36395970176,36395970304,0.00010559999998349667,76100.043825825,0 days 21:08:20.043826
4225,142171758,25,0,36395970176,36395970305,0.00010562499994648533,76100.04382585,0 days 21:08:20.043826
4226,142171758,25,0,36395970176,36395970306,0.00010565000002316083,76100.04382587501,0 days 21:08:20.043826
4227,142171758,25,0,36395970176,36395970307,0.00010567499998614949,76100.04382590001,0 days 21:08:20.043826
4228,142171758,25,0,36395970176,36395970308,0.00010569999994913815,76100.04382592501,0 days 21:08:20.043826
4229,142171758,25,0,36395970176,36395970309,0.00010572500002581364,76100.04382595001,0 days 21:08:20.043826
4230,142171758,25,0,36395970176,36395970310,0.0001057499999888023,76100.04382597501,0 days 21:08:20.043826
4231,142171758,25,0,36395970176,36395970311,0.00010577499995179096,76100.04382600001,0 days 21:08:20.043826
4232,142171758,26,0,36395970176,36395970312,0.00010580000002846646,76100.04382602501,0 days 21:08:20.043826
4233,142171758,25,0,36395970176,36395970313,0.00010582499999145512,76100.04382605001,0 days 21:08:20.043826
4234,142171758,25,0,36395970176,36395970314,0.00010584999995444377,76100.04382607501,0 days 21:08:20.043826
4235,142171758,25,0,36395970176,36395970315,0.00010587500003111927,76100.04382610001,0 days 21:08:20.043826
4236,142171758,25,0,36395970176,36395970316,0.00010589999999410793,76100.04382612501,0 days 21:08:20.043826
4237,142171758,25,0,36395970176,36395970317,0.00010592499995709659,76100.04382615001,0 days 21:08:20.043826
4238,142171758,25,0,36395970176,36395970318,0.00010595000003377208,76100.04382617501,0 days 21:08:20.043826
4239,142171758,25,0,36395970176,36395970319,0.00010597499999676074,76100.04382620001,0 days 21:08:20.043826
4240,142171758,25,0,36395970176,36395970320,0.0001059999999597494,76100.04382622501,0 days 21:08:20.043826
4241,142171758,25,0,36395970176,36395970321,0.0001060250000364249,76100.04382625001,0 days 21:08:20.043826
4242,142171758,25,0,36395970176,36395970322,0.00010604999999941356,76100.04382627501,0 days 21:08:20.043826
4243,142171758,25,0,36395970176,36395970323,0.00010607499996240222,76100.04382630001,0 days 21:08:20.043826
4244,142171758,25,0,36395970176,36395970324,0.00010610000003907771,76100.04382632501,0 days 21:08:20.043826
4245,142171758,25,0,36395970176,36395970325,0.00010612500000206637,76100.04382635001,0 days 21:08:20.043826
4246,142171758,25,0,36395970176,36395970326,0.00010614999996505503,76100.04382637501,0 days 21:08:20.043826
4247,142171758,25,0,36395970176,36395970327,0.00010617500004173053,76100.04382640001,0 days 21:08:20.043826
4248,142171758,25,0,36395970176,36395970328,0.00010620000000471919,76100.043826425,0 days 21:08:20.043826
4249,142171758,25,0,36395970176,36395970329,0.00010622499996770784,76100.04382645,0 days 21:08:20.043826
4250,142171758,25,0,36395970176,36395970330,0.00010625000004438334,76100.043826475,0 days 21:08:20.043826
4251,142171758,25,0,36395970176,36395970331,0.000106275000007372,76100.0438265,0 days 21:08:20.043826
4252,142171758,25,0,36395970176,36395970332,0.00010629999997036066,76100.043826525,0 days 21:08:20.043827
4253,142171758,25,0,36395970176,36395970333,0.00010632500004703616,76100.04382655,0 days 21:08:20.043827
4254,142171758,25,0,36395970176,36395970334,0.00010635000001002481,76100.043826575,0 days 21:08:20.043827
4255,142171758,25,0,36395970176,36395970335,0.00010637499997301347,76100.0438266,0 days 21:08:20.043827
4256,142171758,25,0,36395970176,36395970336,0.00010640000004968897,76100.043826625,0 days 21:08:20.043827
4257,142171758,25,0,36395970176,36395970337,0.00010642500001267763,76100.04382665,0 days 21:08:20.043827
4258,142171758,25,0,36395970176,36395970338,0.00010644999997566629,76100.043826675,0 days 21:08:20.043827
4259,142171758,25,0,36395970176,36395970339,0.00010647500005234178,76100.0438267,0 days 21:08:20.043827
4260,142171758,25,0,36395970176,36395970340,0.00010650000001533044,76100.043826725,0 days 21:08:20.043827
4261,142171758,25,0,36395970176,36395970341,0.0001065249999783191,76100.04382675,0 days 21:08:20.043827
4262,142171758,25,0,36395970176,36395970342,0.0001065500000549946,76100.043826775,0 days 21:08:20.043827
4263,142171758,25,0,36395970176,36395970343,0.00010657500001798326,76100.0438268,0 days 21:08:20.043827
4264,142171758,25,0,36395970176,36395970344,0.00010659999998097192,76100.043826825,0 days 21:08:20.043827
4265,142171758,25,0,36395970176,36395970345,0.00010662499994396057,76100.04382685,0 days 21:08:20.043827
4266,142171758,25,0,36395970176,36395970346,0.00010665000002063607,76100.043826875,0 days 21:08:20.043827
4267,142171758,25,0,36395970176,36395970347,0.00010667499998362473,76100.0438269,0 days 21:08:20.043827
4268,142171758,25,0,36395970176,36395970348,0.00010669999994661339,76100.043826925,0 days 21:08:20.043827
4269,142171758,25,0,36395970176,36395970349,0.00010672500002328889,76100.04382695,0 days 21:08:20.043827
4270,142171758,25,0,36395970176,36395970350,0.00010674999998627754,76100.043826975,0 days 21:08:20.043827
4271,142171758,25,0,36395970176,36395970351,0.0001067749999492662,76100.043827,0 days 21:08:20.043827
4272,142171758,25,0,36395970176,36395970352,0.0001068000000259417,76100.043827025,0 days 21:08:20.043827
4273,142171758,25,0,36395970176,36395970353,0.00010682499998893036,76100.04382705,0 days 21:08:20.043827
4274,142171758,25,0,36395970176,36395970354,0.00010684999995191902,76100.043827075,0 days 21:08:20.043827
4275,142171758,25,0,36395970176,36395970355,0.00010687500002859451,76100.0438271,0 days 21:08:20.043827
4276,142171758,25,0,36395970176,36395970356,0.00010689999999158317,76100.043827125,0 days 21:08:20.043827
4277,142171758,25,0,36395970176,36395970357,0.00010692499995457183,76100.04382715,0 days 21:08:20.043827
4278,142171758,25,0,36395970176,36395970358,0.00010695000003124733,76100.043827175,0 days 21:08:20.043827
4279,142171758,25,0,36395970176,36395970359,0.00010697499999423599,76100.0438272,0 days 21:08:20.043827
4280,142171758,25,0,36395970176,36395970360,0.00010699999995722465,76100.043827225,0 days 21:08:20.043827
4281,142171758,25,0,36395970176,36395970361,0.00010702500003390014,76100.04382725,0 days 21:08:20.043827
4282,142171758,25,0,36395970176,36395970362,0.0001070499999968888,76100.043827275,0 days 21:08:20.043827
4283,142171758,25,0,36395970176,36395970363,0.00010707499995987746,76100.0438273,0 days 21:08:20.043827
4284,142171758,25,0,36395970176,36395970364,0.00010710000003655296,76100.043827325,0 days 21:08:20.043827
4285,142171758,25,0,36395970176,36395970365,0.00010712499999954161,76100.04382735,0 days 21:08:20.043827
4286,142171758,26,0,36395970176,36395970366,0.00010714999996253027,76100.043827375,0 days 21:08:20.043827
4287,142171758,25,0,36395970176,36395970367,0.00010717500003920577,76100.0438274,0 days 21:08:20.043827
4288,142171758,25,0,36395970176,36395970368,0.00010720000000219443,76100.043827425,0 days 21:08:20.043827
4289,142171758,25,0,36395970176,36395970369,0.00010722499996518309,76100.04382745,0 days 21:08:20.043827
4290,142171758,25,0,36395970176,36395970370,0.00010725000004185858,76100.043827475,0 days 21:08:20.043827
4291,142171758,25,0,36395970176,36395970371,0.00010727500000484724,76100.0438275,0 days 21:08:20.043828
4292,142171758,25,0,36395970176,36395970372,0.0001072999999678359,76100.043827525,0 days 21:08:20.043828
4293,142171758,25,0,36395970176,36395970373,0.0001073250000445114,76100.04382755,0 days 21:08:20.043828
4294,142171758,25,0,36395970176,36395970374,0.00010735000000750006,76100.043827575,0 days 21:08:20.043828
4295,142171758,25,0,36395970176,36395970375,0.00010737499997048872,76100.0438276,0 days 21:08:20.043828
4296,142171758,25,0,36395970176,36395970376,0.00010740000004716421,76100.043827625,0 days 21:08:20.043828
4297,142171758,25,0,36395970176,36395970377,0.00010742500001015287,76100.04382765,0 days 21:08:20.043828
4298,142171758,25,0,36395970176,36395970378,0.00010744999997314153,76100.043827675,0 days 21:08:20.043828
4299,142171758,25,0,36395970176,36395970379,0.00010747500004981703,76100.0438277,0 days 21:08:20.043828
