{"comment": "", "serial_number": "1BDAE7F04335515120202037252D18FF", "short_sn": 294, "mca_id_str": "0x201", "arm_status": {"fields": {"op_voltage": 32.98863983154297, "voltage_target": 33.0, "set_voltage": 33.480220794677734, "dg_target": 0.0, "cpu_temperature": 31.904296875, "x_temperature": -231.05404663085938, "avg_temperature": 32.273555755615234, "wall_clock_time": 4866.65087890625, "run_status": 1, "run_time_sample": 0.9330000281333923, "count_rate": 2594.85498046875, "count_rate_err": 105.47407531738281, "run_time_bck": 0.0, "count_rate_bck": 0.0, "count_rate_bck_err": 0.0, "count_rate_diff": 2594.85498046875, "count_rate_diff_err": 105.47407531738281, "bck_probability": 0.0, "bck_low_probability": 0.0, "bck_high_probability": 0.0, "ts_ready": 0.0, "ts_alarm": 0.0, "ts_net": 0.0, "ts_bck": 0.0, "ts_prob": 0.0, "ts_reset": 0.0, "roi_rate": 1602.35791015625, "roi_rate_err": 82.88365936279297, "roi_rate_bck": 0.0, "roi_rate_bck_err": 0.0, "roi_rate_diff": 2594.85498046875, "roi_rate_diff_err": 82.88365936279297, "roi_events": 0.0, "roi_bck": 0.0, "led_val": 0.0, "baseline": 3729.0, "trigger_level": 31.0}, "user": {"wall_clock_time": 4866.65087890625, "counter_active": 1, "active_bank": 0}}, "histogram": {"fields": {"run": 1, "run_time": 695, "dead_time": 11, "events": 2421, "live_time": 933, "count_rate": 2594855, "lt_ratio": 0, "xdead_time": 0, "wc_start": 3563730, "live_time_max": 0, "histogram": [3, 1, 0, 0, 0, 1, 3, 22, 43, 33, 15, 22, 14, 10, 9, 12, 13, 7, 16, 11, 13, 15, 17, 8, 6, 12, 7, 7, 21, 12, 12, 20, 17, 16, 15, 17, 16, 13, 25, 9, 11, 9, 11, 21, 19, 17, 15, 23, 13, 26, 20, 20, 30, 16, 23, 27, 20, 12, 20, 15, 19, 14, 20, 12, 22, 10, 16, 14, 10, 15, 21, 15, 23, 6, 8, 19, 9, 9, 5, 7, 13, 15, 16, 9, 9, 13, 14, 12, 15, 16, 9, 13, 9, 8, 21, 6, 11, 7, 10, 11, 11, 12, 10, 11, 10, 11, 11, 9, 8, 14, 12, 10, 10, 12, 11, 11, 7, 12, 7, 7, 7, 4, 7, 9, 6, 3, 2, 3, 6, 3, 3, 5, 1, 2, 1, 2, 3, 2, 1, 0, 0, 4, 1, 1, 2, 2, 3, 1, 1, 4, 3, 3, 6, 6, 10, 10, 11, 24, 20, 31, 34, 41, 44, 37, 44, 37, 56, 46, 41, 32, 35, 25, 20, 33, 20, 20, 13, 7, 7, 1, 3, 3, 1, 0, 0, 1, 0, 0, 0, 1, 0, 0, 0, 0, 0, 0, 0, 0, 1, 0, 0, 0, 0, 0, 0, 1, 0, 0, 0, 0, 0, 0, 0, 0, 0, 0, 0, 0, 0, 0, 0, 0, 0, 0, 0, 0, 0, 0, 0, 0, 0, 0, 0, 0, 0, 0, 0, 0, 0, 0, 0, 0, 0, 0, 0, 0, 0, 0, 0, 0, 0, 0, 0, 0, 0, 0, 0, 0, 0, 0, 0, 0, 0, 0, 0, 0, 0, 0, 0, 0, 0, 0, 0, 0, 0, 0, 0, 0, 0, 0, 0, 0, 0, 0, 0, 0, 0, 0, 0, 0, 0, 0, 0, 0, 0, 0, 0, 0, 0, 0, 0, 1, 0, 0, 0, 0, 0, 0, 0, 0, 0, 0, 0, 0, 0, 0, 0, 0, 0, 0, 0, 0, 0, 0, 0, 0, 0, 0, 0, 0, 0, 0, 0, 0, 0, 0, 0, 0, 0, 0, 0, 1, 0, 0, 0, 0, 0, 0, 0, 0, 0, 0, 0, 0, 0, 0, 0, 0, 0, 0, 0, 0, 0, 0, 0, 0, 0, 0, 0, 0, 0, 0, 0, 0, 0, 0, 0, 0, 0, 0, 0, 0, 0, 0, 0, 0, 0, 0, 0, 0, 0, 0, 0, 0, 0, 0, 0, 0, 0, 0, 0, 0, 0, 0, 0, 0, 0, 0, 0, 0, 0, 0, 0, 0, 0, 0, 0, 0, 0, 0, 0, 0, 0, 0, 0, 0, 0, 0, 0, 0, 0, 0, 0, 0, 0, 0, 0, 0, 0, 0, 0, 0, 0, 0, 0, 0, 0, 0, 0, 0, 0, 0, 0, 0, 0, 0, 0, 0, 0, 0, 0, 0, 0, 0, 0, 0, 0, 0, 0, 0, 0, 0, 0, 0, 0, 0, 0, 0, 0, 0, 0, 0, 0, 0, 0, 0, 0, 0, 0, 0, 0, 0, 0, 0, 0, 0, 0, 0, 0, 0, 0, 0, 0, 0, 0, 0, 0, 0, 0, 0, 0, 0, 0, 0, 0, 0, 0, 0, 0, 0, 0, 0, 0, 0, 0, 0, 0, 0, 0, 0, 0, 0, 0, 0, 0, 0, 0, 0, 0, 0, 0, 0, 0, 0, 0, 0, 0, 0, 0, 0, 0, 0, 0, 0, 0, 0, 0, 0, 0, 0, 0, 0, 0, 0, 0, 0, 0, 0, 0, 0, 0, 0, 0, 0, 0, 0, 0, 0, 0, 0, 0, 0, 0, 0, 0, 0, 0, 0, 0, 0, 0, 0, 0, 0, 0, 0, 0, 0, 0, 0, 0, 0, 0, 0, 0, 0, 0, 0, 0, 0, 0, 0, 0, 0, 0, 0, 0, 0, 0, 0, 0, 0, 0, 0, 0, 0, 0, 1, 0, 0, 0, 0, 0, 0, 0, 0, 0, 0, 0, 0, 0, 0, 0, 0, 0, 0, 0, 0, 0, 0, 0, 0, 0, 0, 0, 0, 0, 0, 0, 0, 0, 0, 0, 0, 0, 0, 0, 0, 0, 0, 0, 0, 0, 0, 0, 0, 0, 0, 0, 0, 0, 0, 0, 0, 0, 0, 0, 0, 0, 0, 0, 0, 0, 0, 0, 0, 0, 0, 0, 0, 0, 0, 0, 0, 0, 0, 0, 0, 0, 0, 0, 0, 0, 0, 0, 0, 0, 0, 0, 0, 0, 0, 0, 0, 0, 0, 0, 0, 0, 0, 0, 0, 0, 0, 0, 0, 0, 0, 0, 0, 0, 0, 0, 0, 0, 0, 0, 0, 0, 0, 0, 0, 0, 0, 0, 0, 0, 0, 0, 0, 0, 0, 0, 0, 0, 0, 0, 0, 0, 0, 0, 0, 0, 0, 0, 0, 0, 0, 0, 0, 0, 0, 0, 0, 0, 0, 0, 0, 0, 0, 0, 0, 0, 0, 0, 0, 0, 0, 0, 0, 0, 0, 0, 0, 0, 0, 0, 0, 0, 0, 0, 0, 0, 0, 0, 0, 0, 0, 0, 0, 0, 0, 0, 0, 0, 0, 0, 0, 0, 0, 0, 0, 0, 0, 0, 0, 0, 0, 0, 0, 0, 0, 0, 0, 0, 0, 0, 0, 0, 0, 0, 0, 0, 0, 0, 0, 0, 0, 0, 0, 0, 0, 0, 0, 0, 0, 0, 0, 0, 0, 0, 0, 0, 0, 0, 0, 0, 0, 0, 0, 0, 0, 0, 0, 0, 0, 0, 0, 0, 0, 0, 0, 0, 0, 0, 0, 0, 0, 0, 0, 0, 0, 0, 0, 0, 0, 0, 0, 0, 0, 0, 0]}, "user": {"wc_start": 4865.67936, "run_time": 0.9489066666666667, "dead_time": 0.015018666666666666, "xdead_time": 0.0, "events": 2421, "live_time": 0.933, "count_rate": 2594.855}}}
{"comment": "", "serial_number": "1BDAE7F04335515120202037252D18FF", "short_sn": 294, "mca_id_str": "0x201", "arm_status": {"fields": {"op_voltage": 33.00114440917969, "voltage_target": 33.0, "set_voltage": 33.475608825683594, "dg_target": 0.0, "cpu_temperature": 31.904296875, "x_temperature": -231.05404663085938, "avg_temperature": 32.273555755615234, "wall_clock_time": 4867.66064453125, "run_status": 1, "run_time_sample": 1.8690000772476196, "count_rate": 2561.261962890625, "count_rate_err": 74.03759002685547, "run_time_bck": 0.0, "count_rate_bck": 0.0, "count_rate_bck_err": 0.0, "count_rate_diff": 2561.261962890625, "count_rate_diff_err": 74.03759002685547, "bck_probability": 0.0, "bck_low_probability": 0.0, "bck_high_probability": 0.0, "ts_ready": 0.0, "ts_alarm": 0.0, "ts_net": 0.0, "ts_bck": 0.0, "ts_prob": 0.0, "ts_reset": 0.0, "roi_rate": 1587.4798583984375, "roi_rate_err": 58.288047790527344, "roi_rate_bck": 0.0, "roi_rate_bck_err": 0.0, "roi_rate_diff": 2561.261962890625, "roi_rate_diff_err": 58.288047790527344, "roi_events": 0.0, "roi_bck": 0.0, "led_val": 0.0, "baseline": 3727.0, "trigger_level": 31.0}, "user": {"wall_clock_time": 4867.66064453125, "counter_active": 1, "active_bank": 0}}, "histogram": {"fields": {"run": 1, "run_time": 1391, "dead_time": 22, "events": 4787, "live_time": 1869, "count_rate": 2561262, "lt_ratio": 0, "xdead_time": 0, "wc_start": 3563730, "live_time_max": 0, "histogram": [6, 3, 0, 0, 0, 2, 7, 54, 77, 55, 32, 32, 23, 27, 22, 28, 24, 17, 28, 25, 27, 25, 41, 23, 16, 26, 24, 20, 25, 25, 33, 34, 36, 35, 29, 26, 35, 32, 40, 28, 28, 27, 29, 35, 31, 38, 34, 39, 34, 46, 29, 49, 52, 39, 49, 39, 36, 30, 33, 41, 30, 36, 34, 23, 35, 20, 31, 34, 24, 27, 34, 28, 31, 16, 17, 34, 17, 28, 15, 21, 25, 25, 32, 23, 20, 32, 38, 16, 24, 26, 18, 29, 16, 22, 31, 19, 17, 18, 18, 20, 28, 22, 17, 23, 17, 24, 23, 16, 21, 24, 22, 26, 23, 22, 27, 20, 14, 23, 15, 16, 12, 10, 12, 12, 9, 8, 6, 7, 13, 6, 5, 6, 2, 3, 3, 4, 5, 5, 4, 3, 2, 6, 4, 2, 5, 5, 5, 3, 3, 6, 9, 8, 13, 18, 18, 18, 30, 42, 50, 48, 70, 71, 84, 75, 91, 86, 96, 84, 81, 68, 62, 49, 48, 49, 35, 36, 26, 14, 14, 5, 5, 4, 1, 0, 1, 1, 0, 0, 0, 1, 0, 0, 0, 0, 0, 0, 0, 0, 1, 0, 0, 0, 1, 0, 0, 1, 1, 0, 0, 0, 0, 0, 0, 0, 0, 0, 0, 0, 0, 0, 0, 1, 0, 0, 0, 0, 1, 0, 0, 0, 1, 0, 0, 0, 0, 0, 0, 0, 0, 0, 0, 0, 0, 0, 0, 0, 0, 0, 0, 0, 0, 0, 0, 0, 0, 0, 0, 0, 0, 0, 0, 0, 0, 0, 0, 0, 0, 0, 1, 0, 0, 0, 0, 0, 0, 0, 0, 0, 0, 0, 0, 0, 0, 0, 0, 0, 0, 0, 0, 0, 0, 0, 0, 0, 0, 0, 0, 0, 0, 0, 0, 1, 0, 0, 0, 0, 1, 0, 0, 0, 0, 0, 0, 0, 0, 0, 0, 1, 0, 0, 0, 0, 0, 0, 0, 0, 0, 0, 0, 0, 0, 0, 1, 0, 0, 0, 0, 0, 0, 0, 0, 1, 0, 0, 0, 0, 0, 0, 0, 0, 0, 0, 0, 0, 0, 0, 0, 0, 0, 0, 0, 0, 0, 0, 0, 0, 0, 0, 0, 0, 0, 0, 0, 0, 0, 0, 0, 0, 0, 0, 0, 0, 0, 0, 0, 0, 0, 0, 0, 0, 0, 0, 0, 0, 0, 0, 0, 0, 0, 0, 0, 0, 0, 0, 0, 0, 0, 0, 0, 0, 0, 0, 0, 0, 0, 0, 0, 0, 0, 0, 0, 0, 0, 0, 0, 0, 0, 0, 0, 0, 0, 0, 0, 0, 0, 0, 0, 0, 0, 0, 0, 0, 0, 0, 0, 0, 0, 0, 0, 0, 0, 0, 0, 0, 0, 0, 0, 0, 0, 0, 0, 0, 0, 0, 0, 0, 0, 0, 0, 0, 0, 0, 0, 0, 0, 0, 0, 0, 0, 0, 0, 0, 0, 0, 0, 0, 0, 0, 0, 0, 0, 0, 0, 0, 0, 0, 0, 0, 0, 0, 0, 0, 0, 0, 0, 0, 0, 0, 0, 0, 0, 0, 0, 0, 0, 0, 0, 0, 0, 0, 0, 0, 0, 0, 0, 0, 0, 0, 0, 0, 0, 0, 0, 0, 0, 0, 0, 0, 0, 0, 0, 0, 0, 0, 0, 0, 0, 0, 0, 0, 0, 0, 0, 0, 0, 0, 0, 0, 0, 0, 0, 0, 0, 0, 0, 0, 0, 0, 0, 0, 0, 0, 0, 0, 0, 0, 0, 0, 0, 0, 0, 0, 0, 0, 0, 0, 0, 0, 0, 0, 0, 0, 0, 0, 0, 0, 0, 0, 0, 0, 0, 0, 0, 0, 0, 0, 0, 0, 0, 0, 0, 0, 0, 0, 0, 0, 0, 0, 0, 0, 0, 0, 0, 0, 0, 0, 0, 1, 0, 0, 0, 0, 0, 0, 0, 0, 0, 0, 0, 0, 0, 0, 0, 0, 0, 0, 0, 0, 0, 0, 0, 0, 0, 0, 0, 0, 0, 0, 0, 0, 0, 0, 0, 0, 0, 0, 0, 0, 0, 0, 0, 0, 0, 0, 0, 0, 0, 0, 0, 0, 0, 0, 0, 0, 0, 0, 0, 0, 0, 0, 0, 0, 0, 0, 0, 0, 0, 0, 0, 0, 0, 0, 0, 0, 0, 0, 0, 0, 0, 0, 0, 0, 0, 0, 0, 0, 0, 0, 0, 0, 0, 0, 0, 0, 0, 0, 0, 0, 0, 0, 0, 0, 0, 0, 0, 0, 0, 0, 0, 0, 0, 0, 0, 0, 0, 0, 0, 0, 0, 0, 0, 0, 0, 0, 0, 0, 0, 0, 0, 0, 0, 0, 0, 0, 0, 0, 0, 0, 0, 0, 0, 0, 0, 0, 0, 0, 0, 0, 0, 0, 0, 0, 0, 0, 0, 0, 0, 0, 0, 0, 0, 0, 0, 0, 0, 0, 0, 0, 0, 0, 0, 0, 0, 0, 0, 0, 0, 0, 0, 0, 0, 0, 0, 0, 0, 0, 0, 0, 0, 0, 0, 0, 0, 0, 0, 0, 0, 0, 0, 0, 0, 0, 0, 0, 0, 0, 0, 0, 0, 0, 0, 0, 0, 0, 0, 0, 0, 0, 0, 0, 0, 0, 0, 0, 0, 0, 0, 0, 0, 0, 0, 0, 0, 0, 0, 0, 0, 0, 0, 0, 0, 0, 0, 0, 0, 0, 0, 0, 0, 0, 0, 0, 0, 0, 0, 0, 0, 0, 0, 0, 0, 0, 0, 0, 0, 0, 0, 0, 0, 0, 0, 0, 0, 0, 0, 0, 0, 0, 0, 0, 0, 0]}, "user": {"wc_start": 4865.67936, "run_time": 1.8991786666666666, "dead_time": 0.030037333333333333, "xdead_time": 0.0, "events": 4787, "live_time": 1.869, "count_rate": 2561.262}}}
{"comment": "", "serial_number": "1BDAE7F04335515120202037252D18FF", "short_sn": 294, "mca_id_str": "0x201", "arm_status": {"fields": {"op_voltage": 33.00377655029297, "voltage_target": 33.0, "set_voltage": 33.476261138916016, "dg_target": 0.0, "cpu_temperature": 34.03125, "x_temperature": -231.25546264648438, "avg_temperature": 32.3614387512207, "wall_clock_time": 4868.6748046875, "run_status": 1, "run_time_sample": 2.80400013923645, "count_rate": 2514.97802734375, "count_rate_err": 59.89740753173828, "run_time_bck": 0.0, "count_rate_bck": 0.0, "count_rate_bck_err": 0.0, "count_rate_diff": 2514.97802734375, "count_rate_diff_err": 59.89740753173828, "bck_probability": 0.0, "bck_low_probability": 0.0, "bck_high_probability": 0.0, "ts_ready": 0.0, "ts_alarm": 0.0, "ts_net": 0.0, "ts_bck": 0.0, "ts_prob": 0.0, "ts_reset": 0.0, "roi_rate": 1564.1939697265625, "roi_rate_err": 47.23743438720703, "roi_rate_bck": 0.0, "roi_rate_bck_err": 0.0, "roi_rate_diff": 2514.97802734375, "roi_rate_diff_err": 47.23743438720703, "roi_events": 0.0, "roi_bck": 0.0, "led_val": 0.0, "baseline": 3729.0, "trigger_level": 31.0}, "user": {"wall_clock_time": 4868.6748046875, "counter_active": 1, "active_bank": 0}}, "histogram": {"fields": {"run": 1, "run_time": 2087, "dead_time": 33, "events": 7052, "live_time": 2804, "count_rate": 2514978, "lt_ratio": 0, "xdead_time": 0, "wc_start": 3563730, "live_time_max": 0, "histogram": [9, 5, 0, 0, 1, 2, 10, 68, 117, 73, 49, 45, 42, 40, 31, 39, 42, 27, 42, 38, 38, 38, 52, 37, 32, 37, 34, 31, 43, 36, 45, 43, 43, 49, 45, 42, 47, 45, 51, 42, 49, 44, 46, 58, 41, 58, 54, 56, 55, 64, 49, 71, 77, 56, 69, 53, 54, 45, 50, 58, 43, 51, 55, 34, 44, 35, 39, 43, 36, 41, 46, 38, 44, 29, 23, 49, 24, 38, 23, 33, 35, 41, 45, 31, 34, 44, 54, 28, 34, 41, 28, 44, 25, 32, 40, 29, 22, 27, 28, 27, 39, 33, 28, 30, 29, 40, 36, 27, 33, 31, 32, 36, 30, 31, 37, 31, 23, 28, 25, 24, 18, 18, 20, 13, 18, 13, 12, 11, 19, 9, 5, 10, 5, 4, 4, 6, 6, 6, 6, 4, 2, 9, 8, 3, 5, 5, 6, 4, 8, 9, 14, 9, 17, 25, 29, 33, 49, 67, 69, 90, 102, 96, 117, 110, 138, 124, 143, 130, 119, 100, 87, 72, 70, 67, 48, 46, 28, 21, 20, 8, 7, 4, 1, 2, 1, 1, 0, 0, 0, 1, 0, 0, 0, 0, 0, 0, 0, 0, 2, 0, 0, 0, 1, 0, 0, 1, 1, 0, 0, 0, 0, 0, 0, 0, 0, 0, 0, 0, 0, 0, 0, 1, 0, 0, 0, 0, 1, 0, 0, 0, 1, 0, 0, 0, 0, 0, 0, 0, 0, 0, 0, 0, 0, 0, 0, 0, 0, 0, 0, 0, 0, 0, 0, 0, 0, 0, 0, 0, 0, 1, 0, 0, 0, 0, 0, 0, 0, 0, 1, 0, 0, 0, 0, 0, 0, 0, 0, 0, 0, 0, 0, 0, 0, 0, 0, 0, 0, 0, 0, 1, 0, 0, 0, 0, 0, 0, 0, 0, 0, 0, 0, 1, 0, 0, 0, 0, 1, 0, 0, 0, 0, 0, 0, 0, 0, 0, 0, 1, 0, 0, 0, 0, 0, 0, 0, 0, 0, 0, 0, 0, 0, 0, 1, 0, 1, 0, 0, 0, 0, 0, 0, 1, 0, 0, 0, 0, 0, 0, 0, 0, 0, 0, 0, 0, 0, 0, 0, 0, 0, 0, 0, 0, 0, 0, 0, 0, 0, 0, 0, 0, 0, 0, 0, 0, 0, 0, 0, 0, 0, 0, 0, 0, 0, 0, 0, 0, 0, 0, 0, 0, 0, 0, 0, 0, 0, 0, 0, 0, 0, 0, 0, 0, 0, 0, 0, 0, 0, 0, 0, 0, 0, 0, 0, 0, 0, 0, 0, 0, 0, 0, 0, 0, 0, 0, 0, 0, 0, 0, 0, 0, 0, 0, 0, 0, 0, 0, 0, 0, 0, 0, 0, 0, 0, 0, 0, 0, 0, 0, 0, 0, 0, 0, 0, 0, 0, 0, 0, 0, 0, 0, 0, 0, 0, 0, 0, 0, 0, 0, 0, 0, 0, 0, 0, 0, 0, 0, 0, 0, 0, 0, 0, 0, 0, 0, 0, 0, 0, 0, 0, 0, 0, 0, 0, 0, 0, 0, 0, 0, 0, 0, 0, 0, 0, 0, 0, 0, 0, 0, 0, 0, 0, 0, 0, 0, 0, 0, 0, 0, 0, 0, 0, 0, 0, 0, 0, 0, 0, 0, 0, 0, 0, 0, 0, 0, 0, 0, 0, 0, 0, 0, 0, 0, 0, 0, 0, 0, 0, 0, 0, 0, 0, 0, 0, 0, 0, 0, 0, 0, 0, 0, 0, 0, 0, 0, 0, 0, 0, 0, 0, 0, 0, 0, 0, 0, 0, 0, 0, 0, 0, 0, 0, 0, 0, 0, 0, 0, 0, 0, 0, 0, 0, 0, 0, 0, 0, 0, 0, 0, 0, 0, 0, 0, 0, 0, 0, 0, 0, 0, 0, 0, 0, 0, 0, 0, 0, 0, 0, 0, 0, 0, 0, 0, 0, 0, 0, 0, 0, 1, 0, 0, 0, 0, 0, 0, 0, 0, 0, 0, 0, 0, 0, 0, 0, 0, 0, 0, 0, 0, 0, 0, 0, 0, 0, 0, 0, 0, 0, 0, 0, 0, 0, 0, 0, 0, 0, 0, 0, 0, 0, 0, 0, 0, 0, 0, 0, 0, 0, 0, 0, 0, 0, 0, 0, 0, 0, 0, 0, 0, 0, 0, 0, 0, 0, 0, 0, 0, 0, 0, 0, 0, 0, 0, 0, 0, 0, 0, 0, 0, 0, 0, 0, 0, 0, 0, 0, 0, 0, 0, 0, 0, 0, 0, 0, 0, 0, 0, 0, 0, 0, 0, 0, 0, 0, 0, 0, 0, 0, 0, 0, 0, 0, 0, 0, 0, 0, 0, 0, 0, 0, 0, 0, 0, 0, 0, 0, 0, 0, 0, 0, 0, 0, 0, 0, 0, 0, 0, 0, 0, 0, 0, 0, 0, 0, 0, 0, 0, 0, 0, 0, 0, 0, 0, 0, 0, 0, 0, 0, 0, 0, 0, 0, 0, 0, 0, 0, 0, 0, 0, 0, 0, 0, 0, 0, 0, 0, 0, 0, 0, 0, 0, 0, 0, 0, 0, 0, 0, 0, 0, 0, 0, 0, 0, 0, 0, 0, 0, 0, 0, 0, 0, 0, 0, 0, 0, 0, 0, 0, 0, 0, 0, 0, 0, 0, 0, 0, 0, 0, 0, 0, 0, 0, 0, 0, 0, 0, 0, 0, 0, 0, 0, 0, 0, 0, 0, 0, 0, 0, 0, 0, 0, 0, 0, 0, 0, 0, 0, 0, 0, 0, 0, 0, 0, 0, 0, 0, 0, 0, 0, 0, 0, 0, 0, 0, 0, 0, 0, 0, 0, 0, 0, 0, 0, 0, 0, 0, 0, 0, 0, 0, 0, 0, 0]}, "user": {"wc_start": 4865.67936, "run_time": 2.849450666666667, "dead_time": 0.045056, "xdead_time": 0.0, "events": 7052, "live_time": 2.804, "count_rate": 2514.978}}}
{"comment": "", "serial_number": "1BDAE7F04335515120202037252D18FF", "short_sn": 294, "mca_id_str": "0x201", "arm_status": {"fields": {"op_voltage": 32.99390411376953, "voltage_target": 33.0, "set_voltage": 33.47921371459961, "dg_target": 0.0, "cpu_temperature": 34.03125, "x_temperature": -231.25546264648438, "avg_temperature": 32.3614387512207, "wall_clock_time": 4869.68408203125, "run_status": 1, "run_time_sample": 3.739000082015991, "count_rate": 2510.56396484375, "count_rate_err": 51.8248291015625, "run_time_bck": 0.0, "count_rate_bck": 0.0, "count_rate_bck_err": 0.0, "count_rate_diff": 2510.56396484375, "count_rate_diff_err": 51.8248291015625, "bck_probability": 0.0, "bck_low_probability": 0.0, "bck_high_probability": 0.0, "ts_ready": 0.0, "ts_alarm": 0.0, "ts_net": 0.0, "ts_bck": 0.0, "ts_prob": 0.0, "ts_reset": 0.0, "roi_rate": 1573.6827392578125, "roi_rate_err": 41.030879974365234, "roi_rate_bck": 0.0, "roi_rate_bck_err": 0.0, "roi_rate_diff": 2510.56396484375, "roi_rate_diff_err": 41.030879974365234, "roi_events": 0.0, "roi_bck": 0.0, "led_val": 0.0, "baseline": 3728.0, "trigger_level": 31.0}, "user": {"wall_clock_time": 4869.68408203125, "counter_active": 1, "active_bank": 0}}, "histogram": {"fields": {"run": 1, "run_time": 2783, "dead_time": 44, "events": 9387, "live_time": 3739, "count_rate": 2510564, "lt_ratio": 0, "xdead_time": 0, "wc_start": 3563730, "live_time_max": 0, "histogram": [11, 8, 0, 0, 1, 2, 18, 87, 142, 107, 69, 59, 58, 48, 42, 49, 55, 43, 53, 48, 51, 48, 65, 55, 42, 45, 55, 45, 61, 53, 54, 58, 53, 72, 53, 52, 61, 65, 62, 56, 65, 60, 56, 73, 57, 73, 73, 72, 76, 87, 67, 97, 93, 72, 85, 68, 70, 60, 69, 77, 53, 66, 70, 47, 61, 51, 57, 55, 49, 55, 66, 53, 57, 42, 36, 69, 36, 52, 39, 43, 47, 56, 51, 39, 50, 59, 64, 38, 43, 53, 37, 52, 39, 40, 52, 41, 32, 35, 41, 36, 51, 44, 45, 42, 42, 55, 48, 43, 48, 42, 44, 47, 41, 42, 46, 35, 29, 33, 31, 33, 24, 27, 26, 14, 21, 18, 19, 16, 23, 12, 8, 14, 7, 7, 7, 10, 10, 7, 9, 4, 3, 10, 11, 8, 6, 7, 8, 6, 8, 12, 21, 15, 23, 31, 43, 50, 65, 91, 97, 123, 131, 131, 165, 143, 178, 169, 181, 163, 155, 148, 117, 106, 89, 80, 55, 62, 31, 28, 24, 12, 10, 4, 2, 2, 2, 1, 0, 1, 0, 1, 0, 1, 1, 0, 1, 0, 0, 0, 2, 0, 0, 0, 1, 0, 0, 1, 1, 0, 0, 0, 0, 0, 0, 1, 0, 0, 0, 0, 0, 0, 0, 1, 0, 0, 0, 0, 1, 0, 0, 0, 1, 0, 0, 0, 0, 0, 0, 0, 0, 0, 0, 0, 0, 0, 0, 0, 0, 0, 0, 0, 0, 0, 0, 0, 0, 0, 0, 0, 0, 1, 0, 0, 0, 0, 0, 0, 1, 0, 1, 0, 0, 0, 0, 0, 0, 0, 0, 0, 0, 0, 0, 0, 0, 0, 0, 0, 0, 0, 0, 1, 0, 0, 0, 0, 0, 0, 0, 0, 0, 0, 0, 1, 0, 0, 0, 0, 1, 0, 0, 0, 0, 0, 0, 0, 0, 0, 0, 1, 0, 0, 0, 0, 0, 0, 0, 0, 0, 0, 0, 0, 0, 0, 1, 0, 1, 0, 0, 0, 0, 0, 0, 1, 0, 0, 0, 0, 0, 0, 0, 0, 0, 0, 0, 0, 1, 0, 0, 0, 0, 0, 0, 0, 0, 0, 0, 0, 0, 0, 0, 0, 0, 0, 0, 0, 0, 0, 0, 0, 0, 0, 0, 0, 0, 0, 0, 0, 0, 0, 0, 0, 0, 0, 0, 0, 0, 0, 0, 0, 0, 0, 0, 0, 0, 0, 0, 0, 0, 0, 0, 0, 0, 0, 0, 0, 0, 0, 0, 0, 0, 0, 0, 0, 0, 0, 0, 0, 0, 0, 0, 0, 0, 0, 0, 0, 0, 0, 0, 0, 0, 0, 0, 0, 0, 0, 0, 0, 0, 0, 0, 0, 0, 0, 0, 0, 0, 0, 0, 0, 0, 0, 0, 0, 0, 0, 0, 0, 0, 0, 0, 0, 0, 0, 0, 0, 0, 0, 0, 0, 0, 0, 0, 0, 0, 0, 0, 0, 0, 0, 0, 0, 0, 0, 0, 0, 0, 0, 0, 0, 0, 0, 0, 0, 0, 0, 0, 0, 0, 0, 0, 0, 0, 0, 0, 0, 0, 0, 0, 0, 0, 0, 0, 0, 0, 0, 0, 0, 0, 0, 0, 0, 0, 0, 0, 0, 0, 0, 0, 0, 0, 0, 0, 0, 0, 0, 0, 0, 0, 0, 0, 0, 0, 0, 0, 0, 0, 0, 0, 0, 0, 0, 0, 0, 0, 0, 0, 0, 0, 0, 0, 0, 0, 0, 0, 0, 0, 0, 0, 0, 0, 0, 0, 0, 0, 0, 0, 0, 0, 0, 0, 0, 0, 0, 0, 0, 0, 0, 0, 0, 0, 0, 0, 0, 0, 0, 0, 0, 0, 0, 0, 0, 0, 0, 0, 0, 0, 0, 0, 0, 0, 0, 0, 0, 0, 0, 0, 0, 0, 1, 0, 0, 0, 0, 0, 0, 0, 0, 0, 0, 0, 0, 0, 0, 0, 0, 0, 0, 0, 0, 0, 0, 0, 0, 0, 0, 0, 0, 0, 0, 0, 0, 0, 0, 0, 0, 0, 0, 0, 0, 0, 0, 0, 0, 0, 0, 0, 0, 0, 0, 0, 0, 0, 0, 0, 0, 0, 0, 0, 0, 0, 0, 0, 0, 0, 0, 0, 0, 0, 0, 0, 0, 0, 0, 0, 0, 0, 0, 0, 0, 0, 0, 0, 0, 0, 0, 0, 0, 0, 0, 0, 0, 0, 0, 0, 0, 0, 0, 0, 0, 0, 0, 0, 0, 0, 0, 0, 0, 0, 0, 0, 0, 0, 0, 0, 0, 0, 0, 0, 0, 0, 0, 0, 0, 0, 0, 0, 0, 0, 0, 0, 0, 0, 0, 0, 0, 0, 0, 0, 0, 0, 0, 0, 0, 0, 0, 0, 0, 0, 0, 0, 0, 0, 0, 0, 0, 0, 0, 0, 0, 0, 0, 0, 0, 0, 0, 0, 0, 0, 0, 0, 0, 0, 0, 0, 0, 0, 0, 0, 0, 0, 0, 0, 0, 0, 0, 0, 0, 0, 0, 0, 0, 0, 0, 0, 0, 0, 0, 0, 0, 0, 0, 0, 0, 0, 0, 0, 0, 1, 0, 0, 0, 0, 0, 0, 0, 0, 0, 0, 0, 0, 0, 0, 0, 0, 0, 0, 0, 0, 0, 0, 0, 0, 0, 0, 0, 0, 0, 0, 0, 0, 0, 0, 0, 0, 0, 0, 0, 0, 0, 0, 0, 0, 0, 0, 0, 0, 0, 0, 0, 0, 0, 0, 0, 0, 0, 0, 0, 0, 0, 0, 0, 0, 0, 0, 0, 0, 0, 0, 0, 0, 0, 0, 0]}, "user": {"wc_start": 4865.67936, "run_time": 3.799722666666667, "dead_time": 0.060074666666666665, "xdead_time": 0.0, "events": 9387, "live_time": 3.739, "count_rate": 2510.564}}}
{"comment": "", "serial_number": "1BDAE7F04335515120202037252D18FF", "short_sn": 294, "mca_id_str": "0x201", "arm_status": {"fields": {"op_voltage": 32.997196197509766, "voltage_target": 33.0, "set_voltage": 33.47854995727539, "dg_target": 0.0, "cpu_temperature": 34.03125, "x_temperature": -231.25546264648438, "avg_temperature": 32.3614387512207, "wall_clock_time": 4870.693359375, "run_status": 1, "run_time_sample": 4.673000335693359, "count_rate": 2511.23388671875, "count_rate_err": 46.36343765258789, "run_time_bck": 0.0, "count_rate_bck": 0.0, "count_rate_bck_err": 0.0, "count_rate_diff": 2511.23388671875, "count_rate_diff_err": 46.36343765258789, "bck_probability": 0.0, "bck_low_probability": 0.0, "bck_high_probability": 0.0, "ts_ready": 0.0, "ts_alarm": 0.0, "ts_net": 0.0, "ts_bck": 0.0, "ts_prob": 0.0, "ts_reset": 0.0, "roi_rate": 1568.1573486328125, "roi_rate_err": 36.63759231567383, "roi_rate_bck": 0.0, "roi_rate_bck_err": 0.0, "roi_rate_diff": 2511.23388671875, "roi_rate_diff_err": 36.63759231567383, "roi_events": 0.0, "roi_bck": 0.0, "led_val": 0.0, "baseline": 3727.0, "trigger_level": 31.0}, "user": {"wall_clock_time": 4870.693359375, "counter_active": 1, "active_bank": 0}}, "histogram": {"fields": {"run": 1, "run_time": 3479, "dead_time": 56, "events": 11735, "live_time": 4673, "count_rate": 2511234, "lt_ratio": 0, "xdead_time": 0, "wc_start": 3563730, "live_time_max": 0, "histogram": [12, 8, 0, 0, 1, 2, 25, 115, 176, 128, 90, 73, 74, 60, 49, 59, 65, 53, 67, 67, 68, 67, 78, 63, 56, 56, 64, 57, 80, 73, 65, 70, 67, 83, 70, 72, 71, 86, 80, 74, 90, 76, 73, 89, 82, 98, 84, 89, 102, 103, 83, 129, 104, 93, 107, 91, 89, 83, 87, 92, 66, 87, 85, 72, 75, 64, 77, 70, 63, 70, 80, 69, 71, 52, 43, 80, 41, 63, 47, 55, 58, 72, 65, 51, 57, 75, 72, 55, 55, 66, 48, 68, 51, 49, 65, 54, 42, 54, 55, 46, 56, 52, 60, 60, 55, 57, 57, 46, 62, 51, 50, 52, 52, 51, 50, 45, 36, 43, 46, 39, 27, 30, 29, 20, 22, 22, 25, 20, 28, 14, 12, 17, 10, 10, 9, 11, 13, 8, 10, 5, 5, 12, 16, 12, 9, 8, 8, 9, 14, 15, 25, 19, 28, 39, 49, 73, 85, 112, 118, 144, 164, 160, 196, 180, 213, 212, 216, 212, 188, 176, 149, 131, 113, 99, 66, 76, 45, 34, 27, 17, 11, 5, 3, 2, 3, 2, 0, 2, 0, 1, 0, 1, 1, 0, 1, 0, 0, 0, 2, 0, 0, 0, 2, 0, 0, 1, 1, 0, 0, 0, 0, 0, 0, 1, 0, 0, 0, 0, 0, 0, 0, 1, 1, 0, 0, 0, 1, 0, 0, 0, 1, 0, 0, 0, 0, 0, 0, 0, 0, 0, 0, 0, 0, 0, 0, 0, 0, 0, 0, 0, 0, 0, 0, 1, 0, 0, 0, 0, 0, 1, 0, 0, 0, 0, 0, 0, 1, 0, 1, 0, 0, 0, 0, 0, 0, 0, 0, 0, 0, 0, 0, 0, 0, 0, 0, 0, 0, 0, 0, 1, 0, 0, 0, 0, 0, 0, 0, 0, 0, 0, 0, 1, 0, 0, 0, 0, 1, 0, 0, 0, 0, 0, 0, 0, 0, 0, 0, 1, 0, 0, 0, 0, 1, 0, 0, 0, 0, 0, 0, 0, 0, 0, 1, 0, 1, 0, 0, 0, 0, 0, 0, 1, 0, 0, 0, 0, 0, 0, 0, 0, 0, 0, 0, 0, 1, 0, 0, 0, 0, 0, 0, 0, 0, 0, 0, 0, 0, 0, 0, 0, 0, 0, 0, 0, 0, 0, 0, 0, 0, 0, 0, 0, 0, 0, 0, 0, 0, 0, 0, 0, 0, 0, 0, 0, 0, 0, 0, 0, 0, 0, 0, 0, 0, 0, 0, 0, 0, 0, 0, 0, 0, 0, 0, 0, 0, 0, 0, 0, 0, 0, 0, 0, 0, 0, 0, 0, 0, 0, 0, 0, 0, 0, 0, 0, 0, 0, 0, 0, 0, 0, 0, 0, 0, 0, 0, 0, 0, 0, 0, 0, 0, 0, 0, 0, 0, 0, 0, 0, 0, 0, 0, 0, 0, 0, 0, 0, 0, 0, 0, 0, 0, 0, 0, 0, 0, 0, 0, 0, 0, 0, 0, 0, 0, 0, 0, 0, 0, 0, 0, 0, 0, 0, 0, 0, 0, 0, 0, 0, 0, 0, 0, 0, 0, 0, 0, 0, 0, 0, 0, 0, 0, 0, 0, 0, 0, 0, 0, 0, 0, 0, 0, 0, 0, 0, 0, 0, 0, 0, 0, 0, 0, 0, 0, 0, 0, 0, 0, 0, 0, 0, 0, 0, 0, 0, 0, 0, 0, 0, 0, 0, 0, 0, 0, 0, 0, 0, 0, 0, 0, 0, 0, 0, 0, 0, 0, 0, 0, 0, 0, 0, 0, 0, 0, 0, 0, 0, 0, 0, 0, 0, 0, 0, 0, 0, 0, 0, 0, 0, 0, 0, 0, 0, 0, 0, 0, 0, 0, 0, 0, 0, 0, 0, 0, 0, 0, 0, 0, 0, 0, 0, 0, 0, 0, 0, 0, 0, 0, 0, 0, 0, 0, 0, 0, 0, 0, 0, 0, 1, 0, 0, 0, 0, 0, 0, 0, 0, 0, 0, 0, 0, 0, 0, 0, 0, 0, 0, 0, 0, 0, 0, 0, 0, 0, 0, 0, 0, 0, 0, 0, 0, 0, 0, 0, 0, 0, 0, 0, 0, 0, 0, 0, 0, 0, 0, 0, 0, 0, 0, 0, 0, 0, 0, 0, 0, 0, 0, 0, 0, 0, 0, 0, 0, 0, 0, 0, 0, 0, 0, 0, 0, 0, 0, 0, 0, 0, 0, 0, 0, 0, 0, 0, 0, 0, 0, 0, 0, 0, 0, 0, 0, 0, 0, 0, 0, 0, 0, 0, 0, 0, 0, 0, 0, 0, 0, 0, 0, 0, 0, 0, 0, 0, 0, 0, 0, 0, 0, 0, 0, 0, 0, 0, 0, 0, 0, 0, 0, 0, 0, 0, 0, 0, 0, 0, 0, 0, 0, 0, 0, 0, 0, 0, 0, 0, 0, 0, 0, 0, 0, 0, 0, 0, 0, 0, 0, 0, 0, 0, 0, 0, 0, 0, 0, 0, 0, 0, 0, 0, 0, 0, 0, 0, 0, 0, 0, 0, 0, 0, 0, 0, 0, 0, 0, 0, 0, 0, 0, 0, 0, 0, 0, 0, 0, 0, 0, 0, 0, 0, 0, 0, 0, 0, 0, 0, 0, 0, 0, 1, 0, 0, 0, 0, 0, 0, 0, 0, 0, 0, 0, 0, 0, 0, 0, 0, 0, 0, 0, 0, 0, 0, 0, 0, 0, 0, 0, 0, 0, 0, 0, 0, 0, 0, 0, 0, 0, 0, 0, 0, 0, 0, 0, 0, 0, 0, 0, 0, 0, 0, 0, 0, 0, 0, 0, 0, 0, 0, 0, 0, 0, 0, 0, 0, 0, 0, 0, 0, 0, 0, 0, 0, 0, 0, 0]}, "user": {"wc_start": 4865.67936, "run_time": 4.749994666666667, "dead_time": 0.07645866666666666, "xdead_time": 0.0, "events": 11735, "live_time": 4.673, "count_rate": 2511.234}}}
{"comment": "", "serial_number": "1BDAE7F04335515120202037252D18FF", "short_sn": 294, "mca_id_str": "0x201", "arm_status": {"fields": {"op_voltage": 33.00246047973633, "voltage_target": 33.0, "set_voltage": 33.47920227050781, "dg_target": 0.0, "cpu_temperature": 34.03125, "x_temperature": -231.25546264648438, "avg_temperature": 32.3614387512207, "wall_clock_time": 4871.70458984375, "run_status": 1, "run_time_sample": 5.6080002784729, "count_rate": 2501.248046875, "count_rate_err": 42.23809814453125, "run_time_bck": 0.0, "count_rate_bck": 0.0, "count_rate_bck_err": 0.0, "count_rate_diff": 2501.248046875, "count_rate_diff_err": 42.23809814453125, "bck_probability": 0.0, "bck_low_probability": 0.0, "bck_high_probability": 0.0, "ts_ready": 0.0, "ts_alarm": 0.0, "ts_net": 0.0, "ts_bck": 0.0, "ts_prob": 0.0, "ts_reset": 0.0, "roi_rate": 1558.131103515625, "roi_rate_err": 33.33711242675781, "roi_rate_bck": 0.0, "roi_rate_bck_err": 0.0, "roi_rate_diff": 2501.248046875, "roi_rate_diff_err": 33.33711242675781, "roi_events": 0.0, "roi_bck": 0.0, "led_val": 0.0, "baseline": 3729.0, "trigger_level": 31.0}, "user": {"wall_clock_time": 4871.70458984375, "counter_active": 1, "active_bank": 0}}, "histogram": {"fields": {"run": 1, "run_time": 4174, "dead_time": 66, "events": 14027, "live_time": 5608, "count_rate": 2501248, "lt_ratio": 0, "xdead_time": 0, "wc_start": 3563730, "live_time_max": 0, "histogram": [15, 10, 0, 0, 1, 2, 26, 136, 223, 152, 110, 87, 89, 66, 58, 71, 80, 65, 79, 78, 87, 80, 87, 70, 72, 68, 80, 69, 97, 88, 80, 90, 85, 101, 80, 85, 89, 97, 95, 89, 105, 93, 96, 107, 95, 114, 99, 104, 128, 121, 107, 143, 121, 114, 133, 110, 106, 93, 99, 111, 72, 103, 101, 81, 88, 79, 93, 82, 74, 84, 87, 82, 88, 64, 58, 88, 51, 77, 55, 67, 66, 81, 80, 63, 76, 88, 81, 61, 65, 74, 61, 79, 59, 59, 78, 63, 54, 71, 67, 53, 69, 65, 63, 66, 66, 65, 65, 59, 73, 58, 63, 65, 66, 61, 65, 56, 42, 51, 51, 43, 30, 37, 31, 28, 26, 24, 31, 22, 31, 17, 14, 19, 14, 13, 12, 14, 14, 12, 11, 6, 6, 14, 17, 17, 14, 10, 12, 13, 17, 18, 29, 33, 33, 42, 55, 88, 102, 128, 135, 167, 194, 191, 231, 222, 248, 257, 257, 258, 229, 213, 178, 163, 133, 113, 78, 88, 50, 39, 31, 22, 14, 6, 3, 3, 3, 2, 0, 2, 0, 1, 0, 1, 1, 0, 1, 0, 0, 0, 2, 0, 0, 0, 3, 0, 0, 1, 1, 0, 0, 0, 0, 0, 0, 1, 0, 0, 0, 0, 0, 0, 0, 1, 1, 0, 0, 0, 1, 0, 0, 0, 1, 0, 0, 0, 0, 0, 0, 0, 0, 0, 0, 0, 0, 0, 0, 0, 0, 0, 0, 0, 0, 0, 0, 1, 0, 0, 0, 0, 0, 1, 0, 0, 0, 0, 0, 0, 1, 0, 1, 0, 0, 0, 0, 0, 0, 0, 0, 0, 0, 0, 0, 0, 0, 0, 0, 0, 0, 0, 0, 1, 0, 0, 0, 0, 0, 0, 0, 0, 0, 0, 0, 1, 0, 0, 0, 0, 1, 0, 0, 0, 0, 0, 0, 0, 0, 0, 0, 1, 0, 0, 0, 0, 1, 0, 0, 0, 0, 0, 0, 0, 0, 0, 1, 0, 1, 0, 0, 0, 0, 0, 0, 1, 0, 0, 0, 0, 0, 0, 0, 0, 0, 0, 0, 0, 1, 0, 0, 0, 0, 0, 0, 0, 0, 0, 0, 0, 0, 0, 0, 1, 0, 0, 0, 0, 0, 0, 0, 0, 0, 0, 0, 0, 1, 0, 0, 0, 0, 0, 0, 0, 0, 0, 0, 0, 0, 0, 0, 0, 0, 0, 0, 0, 0, 0, 0, 0, 0, 0, 0, 0, 0, 0, 0, 0, 0, 0, 0, 0, 0, 0, 0, 0, 0, 0, 0, 0, 0, 0, 0, 0, 0, 0, 0, 0, 0, 0, 0, 0, 0, 0, 0, 0, 0, 0, 0, 0, 0, 0, 0, 0, 0, 0, 0, 0, 0, 0, 0, 0, 0, 0, 0, 0, 0, 0, 0, 0, 0, 0, 0, 0, 0, 0, 0, 0, 0, 0, 0, 0, 0, 0, 0, 0, 0, 0, 0, 0, 0, 0, 0, 0, 0, 0, 0, 0, 0, 0, 0, 0, 0, 0, 0, 0, 0, 0, 0, 0, 0, 0, 0, 0, 0, 0, 0, 0, 0, 0, 0, 0, 0, 0, 0, 0, 0, 0, 0, 0, 0, 0, 0, 0, 0, 0, 0, 0, 0, 0, 0, 0, 0, 0, 0, 0, 0, 0, 0, 0, 0, 0, 0, 0, 0, 0, 0, 0, 0, 0, 0, 0, 0, 0, 0, 0, 0, 0, 0, 0, 0, 0, 0, 0, 0, 0, 0, 0, 0, 0, 0, 0, 0, 0, 0, 0, 0, 0, 0, 0, 0, 0, 0, 0, 0, 0, 0, 0, 0, 0, 0, 0, 0, 0, 0, 0, 0, 0, 0, 0, 0, 0, 0, 0, 0, 0, 0, 0, 0, 0, 0, 0, 0, 0, 0, 0, 0, 0, 0, 0, 0, 1, 0, 0, 0, 0, 0, 0, 0, 0, 0, 0, 0, 0, 0, 0, 0, 0, 0, 0, 0, 0, 0, 0, 0, 0, 0, 0, 0, 0, 0, 0, 0, 0, 0, 0, 0, 0, 0, 0, 0, 0, 0, 0, 0, 0, 0, 0, 0, 0, 0, 0, 0, 0, 0, 0, 0, 0, 0, 0, 0, 0, 0, 0, 0, 0, 0, 0, 0, 0, 0, 0, 0, 0, 0, 0, 0, 0, 0, 0, 0, 0, 0, 0, 0, 0, 0, 0, 0, 0, 0, 0, 0, 0, 0, 0, 0, 0, 0, 0, 0, 0, 0, 0, 0, 0, 0, 0, 0, 0, 0, 0, 0, 0, 0, 0, 0, 0, 0, 0, 0, 0, 0, 0, 0, 0, 0, 0, 0, 0, 0, 0, 0, 0, 0, 0, 0, 0, 0, 0, 0, 0, 0, 0, 0, 0, 0, 0, 0, 0, 0, 0, 0, 0, 0, 0, 0, 0, 0, 0, 0, 0, 0, 0, 0, 0, 0, 0, 0, 0, 0, 0, 0, 0, 0, 0, 0, 0, 0, 0, 0, 0, 0, 0, 0, 0, 0, 0, 0, 0, 0, 0, 0, 0, 0, 0, 0, 0, 0, 0, 0, 0, 0, 0, 0, 0, 0, 0, 0, 0, 1, 0, 0, 0, 0, 0, 0, 0, 0, 0, 0, 0, 0, 0, 0, 0, 0, 0, 0, 0, 0, 0, 0, 0, 0, 0, 0, 0, 0, 0, 0, 0, 0, 0, 0, 0, 0, 0, 0, 0, 0, 0, 0, 0, 0, 0, 0, 0, 0, 0, 0, 0, 0, 0, 0, 0, 0, 0, 0, 0, 0, 0, 0, 0, 0, 0, 0, 0, 0, 0, 0, 0, 0, 0, 0, 0]}, "user": {"wc_start": 4865.67936, "run_time": 5.698901333333334, "dead_time": 0.090112, "xdead_time": 0.0, "events": 14027, "live_time": 5.608, "count_rate": 2501.248}}}
{"comment": "", "serial_number": "1BDAE7F04335515120202037252D18FF", "short_sn": 294, "mca_id_str": "0x201", "arm_status": {"fields": {"op_voltage": 32.99522018432617, "voltage_target": 33.0, "set_voltage": 33.47952651977539, "dg_target": 0.0, "cpu_temperature": 34.03125, "x_temperature": -231.25546264648438, "avg_temperature": 32.3614387512207, "wall_clock_time": 4872.7138671875, "run_status": 1, "run_time_sample": 6.5420002937316895, "count_rate": 2501.069091796875, "count_rate_err": 39.10546875, "run_time_bck": 0.0, "count_rate_bck": 0.0, "count_rate_bck_err": 0.0, "count_rate_diff": 2501.069091796875, "count_rate_diff_err": 39.10546875, "bck_probability": 0.0, "bck_low_probability": 0.0, "bck_high_probability": 0.0, "ts_ready": 0.0, "ts_alarm": 0.0, "ts_net": 0.0, "ts_bck": 0.0, "ts_prob": 0.0, "ts_reset": 0.0, "roi_rate": 1562.3662109375, "roi_rate_err": 30.90766143798828, "roi_rate_bck": 0.0, "roi_rate_bck_err": 0.0, "roi_rate_diff": 2501.069091796875, "roi_rate_diff_err": 30.90766143798828, "roi_events": 0.0, "roi_bck": 0.0, "led_val": 0.0, "baseline": 3730.0, "trigger_level": 31.0}, "user": {"wall_clock_time": 4872.7138671875, "counter_active": 1, "active_bank": 0}}, "histogram": {"fields": {"run": 1, "run_time": 4870, "dead_time": 78, "events": 16362, "live_time": 6542, "count_rate": 2501069, "lt_ratio": 0, "xdead_time": 0, "wc_start": 3563730, "live_time_max": 0, "histogram": [15, 12, 0, 0, 1, 2, 29, 161, 259, 176, 122, 98, 106, 79, 69, 87, 94, 81, 94, 88, 101, 92, 96, 83, 86, 82, 93, 82, 115, 108, 95, 103, 106, 116, 95, 98, 105, 110, 108, 104, 120, 110, 112, 125, 109, 133, 116, 121, 147, 147, 118, 165, 140, 133, 149, 125, 124, 111, 116, 122, 84, 115, 110, 94, 105, 95, 111, 95, 86, 100, 98, 97, 94, 75, 68, 98, 59, 92, 67, 76, 74, 87, 91, 79, 80, 101, 92, 72, 79, 90, 74, 90, 65, 78, 86, 74, 63, 80, 81, 64, 76, 74, 76, 77, 76, 73, 74, 74, 83, 71, 72, 77, 78, 69, 80, 68, 56, 63, 59, 54, 40, 42, 34, 37, 29, 25, 37, 25, 34, 19, 14, 21, 15, 15, 16, 18, 14, 14, 13, 9, 6, 14, 19, 19, 15, 14, 18, 16, 21, 22, 38, 38, 43, 50, 65, 105, 118, 146, 146, 185, 222, 230, 280, 266, 284, 305, 306, 299, 277, 250, 208, 198, 154, 131, 94, 104, 58, 46, 37, 26, 17, 6, 5, 3, 3, 2, 0, 2, 0, 1, 0, 1, 1, 0, 1, 0, 0, 0, 2, 0, 0, 0, 3, 0, 0, 1, 1, 0, 0, 0, 0, 0, 0, 2, 0, 0, 0, 0, 0, 0, 0, 1, 1, 0, 0, 0, 1, 0, 0, 0, 1, 0, 0, 0, 0, 1, 0, 0, 0, 0, 0, 0, 0, 0, 0, 0, 0, 0, 0, 0, 0, 0, 0, 1, 0, 0, 0, 0, 0, 1, 0, 0, 0, 1, 0, 0, 1, 0, 1, 0, 0, 0, 0, 0, 0, 0, 0, 0, 0, 0, 0, 0, 0, 0, 0, 0, 0, 0, 0, 1, 0, 0, 0, 0, 0, 0, 0, 0, 0, 0, 0, 1, 0, 0, 0, 0, 1, 0, 0, 0, 0, 1, 0, 0, 0, 0, 0, 2, 0, 0, 0, 0, 1, 0, 0, 0, 0, 0, 0, 0, 0, 0, 1, 0, 1, 0, 0, 0, 0, 0, 0, 1, 0, 0, 0, 0, 0, 0, 0, 0, 0, 0, 0, 0, 1, 0, 0, 0, 0, 0, 0, 0, 0, 0, 0, 0, 0, 0, 0, 1, 0, 0, 0, 0, 0, 0, 0, 0, 0, 0, 0, 0, 1, 0, 0, 0, 0, 0, 0, 0, 0, 0, 0, 0, 0, 0, 0, 0, 0, 0, 0, 0, 0, 0, 0, 0, 0, 0, 0, 0, 0, 0, 0, 0, 0, 0, 0, 0, 0, 0, 0, 0, 0, 0, 0, 0, 0, 0, 0, 0, 0, 0, 0, 0, 0, 0, 0, 0, 0, 0, 0, 0, 0, 0, 0, 0, 0, 0, 0, 0, 0, 0, 0, 0, 0, 0, 0, 0, 0, 0, 0, 0, 0, 0, 0, 0, 0, 0, 0, 0, 0, 0, 0, 0, 0, 0, 0, 0, 0, 0, 0, 0, 0, 0, 0, 0, 0, 0, 0, 0, 0, 0, 0, 0, 0, 0, 0, 0, 0, 0, 0, 0, 0, 0, 0, 0, 0, 0, 0, 0, 0, 0, 0, 0, 0, 0, 0, 0, 0, 0, 0, 1, 0, 0, 0, 0, 0, 0, 0, 0, 0, 0, 0, 0, 0, 0, 0, 0, 0, 0, 0, 0, 0, 0, 0, 0, 0, 0, 0, 0, 0, 0, 0, 0, 0, 0, 0, 0, 0, 0, 0, 0, 0, 0, 0, 0, 0, 0, 0, 0, 0, 0, 0, 0, 0, 0, 0, 0, 0, 0, 0, 0, 0, 0, 0, 0, 0, 0, 0, 0, 0, 0, 0, 0, 0, 0, 0, 0, 0, 0, 0, 0, 0, 0, 0, 0, 0, 0, 0, 0, 0, 0, 0, 0, 0, 0, 0, 0, 0, 0, 0, 0, 0, 0, 0, 0, 0, 1, 0, 0, 0, 0, 0, 0, 0, 0, 0, 0, 0, 0, 0, 0, 0, 0, 0, 0, 0, 0, 0, 0, 0, 0, 0, 0, 0, 0, 0, 0, 0, 0, 0, 0, 0, 0, 0, 0, 0, 0, 0, 0, 0, 0, 0, 0, 0, 0, 0, 0, 0, 0, 0, 1, 0, 0, 0, 0, 0, 0, 0, 0, 0, 0, 0, 0, 0, 0, 0, 0, 0, 0, 0, 0, 0, 0, 0, 0, 0, 0, 0, 0, 0, 0, 0, 0, 0, 0, 0, 0, 0, 0, 0, 0, 0, 0, 0, 0, 0, 0, 0, 0, 0, 0, 0, 0, 0, 0, 0, 0, 0, 0, 0, 0, 0, 0, 0, 0, 0, 0, 0, 0, 0, 0, 0, 0, 0, 0, 0, 0, 0, 0, 0, 0, 0, 0, 0, 0, 0, 0, 0, 0, 0, 0, 0, 0, 0, 0, 0, 0, 0, 0, 0, 0, 0, 0, 0, 0, 0, 0, 0, 0, 0, 0, 0, 0, 0, 0, 0, 0, 0, 0, 0, 0, 0, 0, 0, 0, 0, 0, 0, 0, 0, 0, 0, 0, 0, 0, 0, 0, 0, 0, 0, 0, 0, 0, 0, 0, 0, 0, 0, 0, 0, 0, 0, 0, 0, 0, 1, 0, 0, 0, 0, 0, 0, 0, 0, 0, 0, 0, 0, 0, 0, 0, 0, 0, 0, 0, 0, 0, 0, 0, 0, 0, 0, 0, 0, 0, 0, 0, 0, 0, 0, 0, 0, 0, 0, 0, 0, 0, 0, 0, 0, 0, 0, 0, 0, 0, 0, 0, 0, 0, 0, 0, 0, 0, 0, 0, 0, 0, 0, 0, 0, 0, 0, 0, 0, 0, 0, 0, 0, 0, 0, 0]}, "user": {"wc_start": 4865.67936, "run_time": 6.649173333333334, "dead_time": 0.106496, "xdead_time": 0.0, "events": 16362, "live_time": 6.542, "count_rate": 2501.069}}}
{"comment": "", "serial_number": "1BDAE7F04335515120202037252D18FF", "short_sn": 294, "mca_id_str": "0x201", "arm_status": {"fields": {"op_voltage": 32.99258804321289, "voltage_target": 33.0, "set_voltage": 33.47985076904297, "dg_target": 0.0, "cpu_temperature": 31.5498046875, "x_temperature": -231.05404663085938, "avg_temperature": 32.320858001708984, "wall_clock_time": 4873.72412109375, "run_status": 1, "run_time_sample": 7.4770002365112305, "count_rate": 2500.868896484375, "count_rate_err": 36.577308654785156, "run_time_bck": 0.0, "count_rate_bck": 0.0, "count_rate_bck_err": 0.0, "count_rate_diff": 2500.868896484375, "count_rate_diff_err": 36.577308654785156, "bck_probability": 0.0, "bck_low_probability": 0.0, "bck_high_probability": 0.0, "ts_ready": 0.0, "ts_alarm": 0.0, "ts_net": 0.0, "ts_bck": 0.0, "ts_prob": 0.0, "ts_reset": 0.0, "roi_rate": 1564.3974609375, "roi_rate_err": 28.929428100585938, "roi_rate_bck": 0.0, "roi_rate_bck_err": 0.0, "roi_rate_diff": 2500.868896484375, "roi_rate_diff_err": 28.929428100585938, "roi_events": 0.0, "roi_bck": 0.0, "led_val": 0.0, "baseline": 3729.0, "trigger_level": 31.0}, "user": {"wall_clock_time": 4873.72412109375, "counter_active": 1, "active_bank": 0}}, "histogram": {"fields": {"run": 1, "run_time": 5566, "dead_time": 89, "events": 18699, "live_time": 7477, "count_rate": 2500869, "lt_ratio": 0, "xdead_time": 0, "wc_start": 3563730, "live_time_max": 0, "histogram": [18, 13, 0, 0, 2, 2, 33, 189, 298, 204, 138, 110, 117, 91, 81, 97, 102, 92, 105, 103, 116, 101, 113, 100, 98, 94, 110, 91, 126, 119, 108, 119, 128, 132, 113, 106, 117, 122, 127, 123, 131, 120, 125, 139, 130, 148, 136, 138, 167, 175, 136, 180, 164, 157, 173, 145, 139, 123, 126, 140, 97, 124, 122, 113, 118, 104, 134, 99, 104, 111, 110, 114, 108, 86, 83, 106, 71, 101, 85, 87, 87, 104, 109, 85, 92, 113, 103, 77, 90, 106, 89, 106, 78, 86, 92, 84, 70, 90, 89, 76, 87, 84, 88, 92, 85, 83, 86, 85, 94, 88, 88, 84, 87, 80, 90, 78, 70, 71, 65, 63, 45, 47, 39, 41, 31, 29, 40, 26, 39, 22, 16, 24, 16, 18, 18, 22, 15, 19, 16, 10, 8, 16, 21, 20, 17, 18, 19, 20, 26, 27, 40, 41, 49, 56, 74, 117, 132, 164, 174, 208, 256, 260, 330, 305, 334, 345, 342, 339, 314, 286, 248, 216, 175, 157, 110, 116, 67, 57, 41, 29, 21, 10, 8, 7, 3, 2, 0, 3, 0, 2, 0, 1, 1, 0, 1, 0, 0, 0, 2, 0, 1, 0, 4, 0, 0, 1, 1, 0, 0, 0, 0, 0, 0, 2, 0, 0, 0, 0, 0, 0, 0, 1, 1, 0, 0, 0, 1, 1, 0, 0, 1, 1, 0, 0, 0, 1, 0, 0, 0, 0, 0, 0, 0, 0, 0, 0, 0, 0, 0, 0, 0, 0, 0, 1, 0, 0, 0, 0, 0, 1, 0, 0, 0, 1, 0, 0, 1, 0, 1, 0, 0, 0, 0, 0, 0, 0, 0, 0, 0, 0, 0, 0, 0, 0, 0, 0, 0, 0, 0, 1, 0, 0, 0, 0, 0, 0, 0, 0, 0, 0, 0, 1, 0, 0, 0, 0, 1, 0, 0, 0, 0, 1, 0, 0, 0, 0, 0, 2, 0, 0, 0, 0, 1, 0, 0, 0, 0, 0, 0, 0, 0, 0, 1, 0, 1, 0, 0, 0, 0, 0, 0, 1, 0, 0, 0, 0, 0, 0, 0, 0, 0, 0, 0, 0, 1, 0, 0, 0, 0, 0, 0, 0, 0, 0, 0, 0, 0, 0, 0, 1, 0, 0, 0, 0, 0, 0, 0, 0, 0, 0, 0, 0, 1, 0, 0, 0, 0, 0, 0, 0, 0, 0, 0, 0, 0, 0, 0, 0, 0, 0, 0, 0, 0, 0, 0, 0, 0, 0, 0, 0, 0, 0, 0, 0, 0, 0, 0, 0, 0, 0, 0, 0, 0, 0, 0, 0, 0, 0, 0, 0, 0, 0, 0, 0, 0, 0, 0, 0, 0, 0, 0, 0, 0, 0, 0, 0, 0, 0, 0, 0, 0, 0, 0, 0, 0, 0, 0, 0, 0, 0, 0, 0, 0, 0, 0, 0, 0, 0, 0, 0, 0, 0, 0, 0, 0, 0, 0, 0, 0, 0, 0, 0, 0, 0, 0, 0, 0, 0, 0, 0, 0, 0, 0, 0, 0, 0, 0, 0, 0, 0, 0, 0, 0, 0, 0, 0, 0, 0, 0, 0, 0, 0, 0, 0, 0, 0, 0, 0, 0, 0, 0, 1, 0, 0, 0, 0, 0, 0, 0, 0, 0, 0, 0, 0, 0, 0, 0, 0, 0, 0, 0, 0, 0, 0, 0, 0, 0, 0, 0, 0, 0, 0, 0, 0, 0, 0, 0, 0, 0, 0, 0, 0, 0, 0, 0, 0, 0, 0, 0, 0, 0, 0, 0, 0, 0, 0, 0, 0, 0, 0, 0, 0, 0, 0, 0, 0, 0, 0, 0, 0, 0, 0, 0, 0, 0, 0, 0, 0, 0, 0, 0, 0, 0, 0, 0, 0, 0, 0, 0, 0, 0, 0, 0, 0, 0, 0, 0, 0, 0, 0, 0, 0, 0, 0, 0, 0, 0, 1, 0, 0, 0, 0, 0, 0, 0, 0, 0, 0, 0, 0, 0, 0, 0, 0, 0, 0, 0, 0, 0, 0, 0, 0, 0, 0, 0, 0, 0, 0, 0, 0, 0, 0, 0, 0, 0, 0, 0, 0, 0, 0, 0, 0, 0, 0, 0, 0, 0, 0, 0, 0, 0, 1, 0, 0, 0, 0, 0, 0, 0, 0, 0, 0, 0, 0, 0, 0, 0, 0, 0, 0, 0, 0, 0, 0, 0, 0, 0, 0, 0, 0, 0, 0, 0, 0, 0, 0, 0, 0, 0, 0, 0, 0, 0, 0, 0, 0, 0, 0, 0, 0, 0, 0, 0, 0, 0, 0, 0, 0, 0, 0, 0, 0, 0, 0, 0, 0, 0, 0, 0, 0, 0, 0, 0, 0, 0, 0, 0, 0, 0, 0, 0, 0, 0, 0, 0, 0, 0, 0, 0, 0, 0, 0, 0, 0, 0, 0, 0, 0, 0, 0, 0, 0, 0, 0, 0, 0, 0, 0, 0, 0, 0, 0, 0, 0, 0, 0, 0, 0, 0, 0, 0, 0, 0, 0, 0, 0, 0, 0, 0, 0, 0, 0, 0, 0, 0, 0, 0, 0, 0, 0, 0, 0, 0, 0, 0, 0, 0, 0, 0, 0, 0, 0, 0, 0, 0, 0, 1, 0, 0, 0, 0, 0, 0, 0, 0, 0, 0, 0, 0, 0, 0, 0, 0, 0, 0, 0, 0, 0, 0, 0, 0, 0, 0, 0, 0, 0, 0, 0, 0, 0, 0, 0, 0, 0, 0, 0, 0, 0, 0, 0, 0, 0, 0, 0, 0, 0, 0, 0, 0, 0, 0, 0, 0, 0, 0, 0, 0, 0, 0, 0, 0, 0, 0, 0, 0, 0, 0, 0, 0, 0, 0, 0]}, "user": {"wc_start": 4865.67936, "run_time": 7.599445333333334, "dead_time": 0.12151466666666667, "xdead_time": 0.0, "events": 18699, "live_time": 7.477, "count_rate": 2500.869}}}
{"comment": "", "serial_number": "1BDAE7F04335515120202037252D18FF", "short_sn": 294, "mca_id_str": "0x201", "arm_status": {"fields": {"op_voltage": 32.99390411376953, "voltage_target": 33.0, "set_voltage": 33.479515075683594, "dg_target": 0.0, "cpu_temperature": 31.5498046875, "x_temperature": -231.05404663085938, "avg_temperature": 32.320858001708984, "wall_clock_time": 4874.7353515625, "run_status": 1, "run_time_sample": 8.413000106811523, "count_rate": 2492.451904296875, "count_rate_err": 34.42451858520508, "run_time_bck": 0.0, "count_rate_bck": 0.0, "count_rate_bck_err": 0.0, "count_rate_diff": 2492.451904296875, "count_rate_diff_err": 34.42451858520508, "bck_probability": 0.0, "bck_low_probability": 0.0, "bck_high_probability": 0.0, "ts_ready": 0.0, "ts_alarm": 0.0, "ts_net": 0.0, "ts_bck": 0.0, "ts_prob": 0.0, "ts_reset": 0.0, "roi_rate": 1561.8685302734375, "roi_rate_err": 27.25064468383789, "roi_rate_bck": 0.0, "roi_rate_bck_err": 0.0, "roi_rate_diff": 2492.451904296875, "roi_rate_diff_err": 27.25064468383789, "roi_events": 0.0, "roi_bck": 0.0, "led_val": 0.0, "baseline": 3729.0, "trigger_level": 31.0}, "user": {"wall_clock_time": 4874.7353515625, "counter_active": 1, "active_bank": 0}}, "histogram": {"fields": {"run": 1, "run_time": 6262, "dead_time": 100, "events": 20969, "live_time": 8413, "count_rate": 2492452, "lt_ratio": 0, "xdead_time": 0, "wc_start": 3563730, "live_time_max": 0, "histogram": [20, 14, 0, 0, 2, 2, 38, 211, 339, 239, 158, 122, 127, 97, 95, 102, 110, 104, 116, 112, 128, 110, 124, 109, 112, 105, 120, 107, 138, 134, 123, 133, 142, 146, 128, 118, 129, 139, 142, 134, 141, 137, 141, 153, 147, 179, 156, 155, 185, 199, 155, 196, 177, 180, 188, 164, 158, 137, 146, 156, 111, 145, 135, 122, 132, 120, 141, 110, 116, 134, 125, 123, 123, 96, 99, 116, 75, 112, 104, 98, 96, 120, 123, 95, 110, 124, 113, 87, 97, 112, 100, 117, 88, 102, 102, 97, 72, 107, 101, 85, 97, 91, 98, 99, 93, 90, 98, 95, 103, 94, 96, 97, 89, 88, 95, 89, 81, 85, 74, 66, 50, 56, 44, 42, 36, 33, 43, 27, 45, 24, 21, 25, 19, 20, 18, 24, 17, 21, 17, 13, 9, 18, 24, 21, 23, 19, 19, 24, 28, 31, 47, 47, 63, 64, 86, 122, 145, 182, 186, 227, 298, 295, 375, 342, 380, 395, 380, 396, 355, 329, 280, 246, 193, 174, 127, 132, 72, 66, 46, 32, 22, 10, 8, 7, 3, 4, 0, 4, 0, 2, 0, 1, 1, 0, 2, 0, 0, 0, 2, 1, 1, 0, 4, 0, 0, 1, 1, 0, 0, 0, 0, 0, 0, 2, 0, 0, 0, 0, 0, 0, 0, 1, 1, 1, 0, 0, 1, 1, 0, 0, 1, 1, 0, 0, 0, 1, 0, 0, 0, 0, 0, 0, 0, 0, 0, 0, 0, 0, 0, 0, 0, 0, 0, 1, 0, 0, 0, 0, 0, 1, 0, 0, 0, 1, 0, 0, 1, 0, 1, 0, 0, 0, 0, 0, 0, 0, 0, 0, 0, 0, 0, 0, 0, 0, 0, 0, 0, 0, 0, 1, 0, 0, 0, 0, 0, 0, 0, 0, 0, 0, 0, 1, 0, 0, 0, 0, 1, 0, 0, 0, 0, 1, 0, 0, 0, 0, 0, 2, 0, 0, 0, 0, 1, 0, 0, 0, 0, 0, 0, 0, 0, 0, 1, 0, 1, 0, 0, 0, 0, 0, 0, 1, 0, 0, 0, 0, 0, 0, 0, 0, 0, 0, 0, 0, 1, 0, 0, 0, 0, 0, 0, 0, 0, 0, 0, 0, 0, 0, 0, 1, 0, 0, 0, 0, 0, 0, 0, 0, 0, 0, 0, 0, 1, 0, 0, 0, 0, 0, 0, 0, 0, 0, 0, 0, 0, 0, 0, 0, 0, 0, 0, 0, 0, 0, 0, 0, 0, 0, 0, 0, 0, 0, 0, 0, 0, 0, 0, 0, 0, 0, 0, 0, 0, 0, 0, 0, 0, 0, 0, 0, 0, 0, 0, 0, 0, 0, 0, 0, 0, 0, 0, 0, 0, 0, 0, 0, 0, 0, 0, 0, 0, 0, 0, 0, 0, 0, 0, 0, 0, 0, 0, 0, 0, 0, 0, 0, 0, 0, 0, 0, 0, 0, 0, 0, 0, 0, 0, 0, 0, 0, 0, 0, 0, 0, 0, 0, 0, 0, 0, 0, 0, 0, 0, 0, 0, 0, 0, 0, 0, 0, 0, 0, 0, 0, 0, 0, 0, 0, 0, 0, 0, 0, 0, 0, 0, 0, 0, 0, 0, 0, 0, 1, 0, 0, 0, 0, 0, 0, 0, 0, 0, 0, 0, 0, 0, 0, 0, 0, 0, 0, 0, 0, 0, 0, 0, 0, 0, 0, 0, 0, 0, 0, 0, 0, 0, 0, 0, 0, 0, 0, 0, 0, 0, 0, 0, 0, 0, 0, 0, 0, 0, 0, 0, 0, 0, 0, 0, 0, 0, 0, 0, 0, 0, 0, 0, 0, 0, 0, 0, 0, 0, 0, 0, 0, 0, 0, 0, 0, 0, 0, 0, 0, 0, 0, 0, 0, 0, 0, 0, 0, 0, 0, 0, 0, 0, 0, 0, 0, 0, 0, 0, 0, 0, 0, 0, 0, 0, 1, 0, 0, 0, 0, 0, 0, 0, 0, 0, 0, 0, 0, 0, 0, 0, 0, 0, 0, 0, 0, 0, 0, 0, 0, 0, 0, 0, 0, 0, 0, 0, 0, 0, 0, 0, 0, 0, 0, 0, 0, 0, 0, 0, 0, 0, 0, 0, 0, 0, 0, 0, 0, 0, 1, 0, 0, 0, 0, 0, 0, 0, 0, 0, 0, 0, 0, 0, 0, 0, 0, 0, 0, 0, 0, 0, 0, 0, 0, 0, 0, 0, 0, 0, 0, 0, 0, 0, 0, 0, 0, 0, 0, 0, 0, 0, 0, 0, 0, 0, 0, 0, 0, 0, 0, 0, 0, 0, 0, 0, 0, 0, 0, 0, 0, 0, 0, 0, 0, 0, 0, 0, 0, 0, 0, 0, 0, 0, 0, 0, 0, 0, 0, 0, 0, 0, 0, 0, 0, 0, 0, 0, 0, 0, 0, 0, 0, 0, 0, 0, 0, 0, 0, 0, 0, 0, 0, 0, 0, 0, 0, 0, 0, 0, 0, 0, 0, 0, 0, 0, 0, 0, 0, 0, 0, 0, 0, 0, 0, 0, 0, 0, 0, 0, 0, 0, 0, 0, 0, 0, 0, 0, 0, 0, 0, 0, 0, 0, 0, 0, 0, 0, 0, 0, 0, 0, 0, 0, 0, 1, 0, 0, 0, 0, 0, 0, 0, 0, 0, 0, 0, 0, 0, 0, 0, 0, 0, 0, 0, 0, 0, 0, 0, 0, 0, 0, 0, 0, 0, 0, 0, 0, 0, 0, 0, 0, 0, 0, 0, 0, 0, 0, 0, 0, 0, 0, 0, 0, 0, 0, 0, 0, 0, 0, 0, 0, 0, 0, 0, 0, 0, 0, 0, 0, 0, 0, 0, 0, 0, 0, 0, 0, 0, 0, 0]}, "user": {"wc_start": 4865.67936, "run_time": 8.549717333333334, "dead_time": 0.13653333333333334, "xdead_time": 0.0, "events": 20969, "live_time": 8.413, "count_rate": 2492.452}}}
{"comment": "", "serial_number": "1BDAE7F04335515120202037252D18FF", "short_sn": 294, "mca_id_str": "0x201", "arm_status": {"fields": {"op_voltage": 33.00246047973633, "voltage_target": 33.0, "set_voltage": 33.477535247802734, "dg_target": 0.0, "cpu_temperature": 31.5498046875, "x_temperature": -231.05404663085938, "avg_temperature": 32.320858001708984, "wall_clock_time": 4875.74755859375, "run_status": 1, "run_time_sample": 9.348000526428223, "count_rate": 2501.4970703125, "count_rate_err": 32.71678161621094, "run_time_bck": 0.0, "count_rate_bck": 0.0, "count_rate_bck_err": 0.0, "count_rate_diff": 2501.4970703125, "count_rate_diff_err": 32.71678161621094, "bck_probability": 0.0, "bck_low_probability": 0.0, "bck_high_probability": 0.0, "ts_ready": 0.0, "ts_alarm": 0.0, "ts_net": 0.0, "ts_bck": 0.0, "ts_prob": 0.0, "ts_reset": 0.0, "roi_rate": 1566.752197265625, "roi_rate_err": 25.892311096191406, "roi_rate_bck": 0.0, "roi_rate_bck_err": 0.0, "roi_rate_diff": 2501.4970703125, "roi_rate_diff_err": 25.892311096191406, "roi_events": 0.0, "roi_bck": 0.0, "led_val": 0.0, "baseline": 3729.0, "trigger_level": 31.0}, "user": {"wall_clock_time": 4875.74755859375, "counter_active": 1, "active_bank": 0}}, "histogram": {"fields": {"run": 1, "run_time": 6958, "dead_time": 111, "events": 23384, "live_time": 9348, "count_rate": 2501497, "lt_ratio": 0, "xdead_time": 0, "wc_start": 3563730, "live_time_max": 0, "histogram": [21, 14, 0, 0, 2, 2, 44, 232, 376, 269, 176, 130, 138, 109, 106, 113, 127, 119, 130, 133, 140, 125, 130, 124, 132, 120, 132, 124, 155, 145, 138, 151, 155, 160, 148, 139, 143, 155, 154, 147, 157, 152, 154, 173, 160, 200, 177, 175, 215, 215, 173, 218, 194, 213, 205, 195, 168, 153, 168, 163, 123, 156, 148, 134, 147, 135, 158, 126, 129, 148, 138, 135, 132, 111, 113, 128, 84, 126, 117, 111, 106, 134, 136, 105, 122, 139, 127, 99, 114, 124, 109, 124, 100, 108, 114, 109, 88, 128, 107, 93, 108, 96, 104, 106, 106, 100, 107, 105, 117, 107, 111, 113, 95, 98, 106, 103, 89, 89, 87, 72, 53, 61, 54, 49, 39, 36, 46, 34, 55, 25, 24, 28, 21, 23, 19, 26, 21, 24, 18, 15, 12, 21, 26, 22, 26, 21, 19, 25, 35, 34, 50, 52, 65, 71, 98, 140, 161, 201, 199, 249, 334, 327, 422, 377, 426, 447, 426, 439, 398, 362, 315, 268, 208, 189, 141, 143, 83, 75, 49, 37, 23, 12, 10, 8, 3, 4, 0, 4, 0, 2, 0, 1, 1, 0, 2, 0, 1, 1, 2, 1, 1, 0, 4, 0, 0, 1, 1, 0, 0, 0, 0, 0, 1, 2, 0, 0, 0, 0, 0, 0, 0, 1, 1, 2, 0, 0, 1, 1, 0, 0, 1, 1, 0, 0, 0, 1, 0, 0, 0, 0, 0, 0, 0, 0, 0, 0, 0, 0, 0, 0, 0, 0, 0, 1, 0, 0, 0, 0, 0, 1, 0, 0, 0, 1, 0, 0, 1, 0, 1, 0, 0, 0, 0, 0, 0, 0, 0, 0, 0, 0, 0, 0, 0, 0, 0, 0, 0, 0, 0, 1, 0, 0, 0, 0, 0, 0, 0, 0, 0, 0, 0, 1, 0, 0, 0, 0, 1, 0, 0, 0, 0, 1, 0, 0, 0, 0, 0, 2, 0, 0, 0, 0, 1, 0, 0, 0, 0, 0, 0, 0, 0, 0, 1, 0, 1, 0, 0, 0, 0, 0, 0, 1, 0, 0, 0, 0, 0, 0, 0, 0, 0, 0, 0, 0, 1, 0, 0, 0, 0, 0, 0, 0, 0, 0, 0, 0, 0, 0, 0, 1, 0, 0, 0, 0, 0, 0, 0, 0, 0, 0, 0, 0, 1, 0, 0, 0, 0, 0, 0, 0, 0, 0, 0, 0, 0, 0, 0, 0, 0, 0, 0, 0, 0, 0, 0, 0, 0, 0, 0, 0, 0, 0, 0, 0, 0, 0, 0, 0, 0, 0, 0, 0, 0, 0, 0, 0, 0, 0, 0, 0, 0, 0, 0, 0, 0, 0, 0, 0, 0, 0, 0, 0, 0, 0, 0, 0, 0, 0, 0, 0, 0, 0, 0, 0, 0, 0, 0, 0, 0, 0, 0, 0, 0, 0, 0, 0, 0, 0, 0, 0, 0, 0, 0, 0, 0, 0, 0, 0, 0, 0, 0, 0, 0, 0, 0, 0, 0, 0, 0, 0, 0, 0, 0, 0, 0, 0, 0, 0, 0, 0, 0, 0, 0, 0, 0, 0, 0, 0, 0, 0, 0, 0, 0, 0, 0, 0, 0, 0, 0, 0, 0, 1, 0, 0, 0, 0, 0, 0, 0, 0, 0, 0, 0, 0, 0, 0, 0, 0, 0, 0, 0, 0, 0, 0, 0, 0, 0, 0, 0, 0, 0, 0, 0, 0, 0, 0, 0, 0, 0, 0, 0, 0, 0, 0, 0, 0, 0, 0, 0, 0, 0, 0, 0, 0, 0, 0, 0, 0, 0, 0, 0, 0, 0, 0, 0, 0, 0, 0, 0, 0, 0, 0, 0, 1, 0, 0, 0, 0, 0, 0, 0, 0, 0, 0, 0, 0, 0, 0, 0, 0, 0, 0, 0, 0, 0, 0, 0, 0, 0, 0, 0, 0, 0, 0, 0, 0, 0, 1, 0, 0, 0, 0, 0, 0, 0, 0, 0, 0, 0, 0, 0, 0, 0, 0, 0, 0, 0, 0, 0, 0, 0, 0, 0, 0, 0, 0, 0, 0, 0, 0, 0, 0, 0, 0, 0, 0, 0, 0, 0, 0, 0, 0, 0, 0, 0, 0, 0, 0, 0, 0, 0, 1, 0, 0, 0, 0, 0, 0, 0, 0, 0, 0, 0, 0, 0, 0, 0, 0, 0, 0, 0, 0, 0, 0, 0, 0, 0, 0, 0, 0, 0, 0, 0, 0, 0, 0, 0, 0, 0, 0, 0, 0, 0, 0, 0, 0, 0, 0, 0, 0, 0, 0, 0, 0, 0, 0, 0, 0, 0, 0, 0, 0, 0, 0, 0, 0, 0, 0, 0, 0, 0, 0, 0, 0, 0, 0, 0, 0, 0, 0, 0, 0, 0, 0, 0, 0, 0, 0, 0, 0, 0, 0, 0, 0, 0, 0, 0, 0, 0, 0, 0, 0, 0, 0, 0, 0, 0, 0, 0, 0, 0, 0, 0, 0, 0, 0, 0, 0, 0, 0, 0, 0, 0, 0, 0, 0, 0, 0, 0, 0, 0, 0, 0, 0, 0, 0, 0, 0, 0, 0, 0, 0, 0, 0, 0, 0, 0, 0, 0, 0, 0, 0, 0, 0, 0, 0, 1, 0, 0, 0, 0, 0, 0, 0, 0, 0, 0, 0, 0, 0, 0, 0, 0, 0, 0, 0, 0, 0, 0, 0, 0, 0, 0, 0, 0, 0, 0, 0, 0, 0, 0, 0, 0, 0, 0, 0, 0, 0, 0, 0, 0, 0, 0, 0, 0, 0, 0, 0, 0, 0, 0, 0, 0, 0, 0, 0, 0, 0, 0, 0, 0, 0, 0, 0, 0, 0, 0, 0, 0, 0, 0, 0]}, "user": {"wc_start": 4865.67936, "run_time": 9.499989333333334, "dead_time": 0.151552, "xdead_time": 0.0, "events": 23384, "live_time": 9.348, "count_rate": 2501.497}}}
