KeV,Counts
0,6
2,0
4,1
6,0
8,0
10,1
12,1
14,0
16,1
18,2
20,5
22,10
24,29
26,34
28,55
30,55
32,61
34,66
36,68
38,62
40,88
42,89
44,69
46,109
48,120
50,205
52,445
54,1131
56,2555
58,5665
60,10954
62,19156
64,31816
66,47888
68,68919
70,93749
72,122241
74,162024
76,205768
78,255213
80,308754
82,364041
84,415417
86,462838
88,503241
90,539285
92,567236
94,587129
96,601348
98,613473
100,622579
102,627131
104,631137
106,633739
108,622875
110,636284
112,636853
114,636485
116,636109
118,636884
120,635127
122,636261
124,637323
126,634636
128,633065
130,633544
132,631330
134,632763
136,630341
138,628658
140,629236
142,628045
144,617138
146,627732
148,625561
150,626040
152,624644
154,625116
156,624975
158,623931
160,625676
162,626471
164,627101
166,626098
168,629882
170,631604
172,632722
174,635358
176,636781
178,640649
180,631301
182,644944
184,644122
186,648117
188,649492
190,650214
192,651617
194,652585
196,653380
198,654021
200,653026
202,654147
204,654341
206,654864
208,655282
210,654970
212,653016
214,654956
216,642342
218,655323
220,653421
222,652738
224,654309
226,652705
228,654260
230,655411
232,654049
234,655064
236,655406
238,654932
240,655518
242,658387
244,658394
246,660846
248,661420
250,664472
252,668522
254,661064
256,679522
258,688034
260,695615
262,706469
264,717548
266,734034
268,749151
270,764824
272,783510
274,803025
276,822337
278,842312
280,861520
282,882649
284,899367
286,916287
288,930139
290,924300
292,948514
294,956574
296,959824
298,962142
300,962430
302,959268
304,955934
306,952286
308,944275
310,937497
312,929959
314,922375
316,913935
318,904703
320,893958
322,886925
324,878062
326,853464
328,861158
330,852922
332,845349
334,838037
336,830438
338,821838
340,815560
342,808606
344,800403
346,795324
348,788446
350,779989
352,775614
354,769576
356,765324
358,757654
360,751075
362,733471
364,740366
366,736922
368,732099
370,724411
372,721650
374,716911
376,711513
378,706295
380,703291
382,696945
384,693591
386,690321
388,685991
390,681953
392,677654
394,676652
396,671285
398,656187
400,662889
402,661705
404,657998
406,653596
408,652475
410,648250
412,644504
414,640229
416,638867
418,634148
420,633500
422,629827
424,626541
426,622831
428,621863
430,618842
432,617205
434,603782
436,612407
438,608881
440,608357
442,604215
444,603564
446,602339
448,599305
450,596368
452,593869
454,593209
456,591501
458,589373
460,586582
462,586718
464,584660
466,582779
468,580342
470,579275
472,566093
474,577102
476,574958
478,572823
480,572406
482,571174
484,568809
486,566995
488,564261
490,564992
492,564443
494,562556
496,562502
498,561758
500,559264
502,559647
504,558051
506,557324
508,545465
510,555718
512,553669
514,553940
516,553322
518,551975
520,551140
522,552163
524,550277
526,549970
528,549896
530,546880
532,546465
534,547156
536,546353
538,545385
540,545583
542,544244
544,535502
546,544198
548,543652
550,544491
552,544188
554,541859
556,543095
558,542119
560,542357
562,541339
564,542552
566,542170
568,542413
570,541538
572,541633
574,541573
576,541323
578,542296
580,531111
582,541008
584,540573
586,542043
588,542758
590,542882
592,542527
594,543457
596,542757
598,543996
600,544447
602,545212
604,545948
606,545380
608,546626
610,546505
612,547977
614,549006
616,540748
618,550973
620,549716
622,552763
624,552307
626,554385
628,554136
630,555116
632,554859
634,554662
636,555749
638,554296
640,553536
642,552850
644,550188
646,547969
648,545857
650,543439
652,528720
654,533313
656,532052
658,525137
660,518868
662,511538
664,505131
666,497148
668,487470
670,477401
672,468300
674,456340
676,445833
678,434803
680,423784
682,411152
684,399089
686,387800
688,373790
690,355802
692,350073
694,338157
696,325595
698,314634
700,303614
702,292740
704,282830
706,273304
708,263613
710,253850
712,244532
714,236966
716,228720
718,222266
720,213691
722,207688
724,201891
726,191871
728,189593
730,184924
732,180884
734,175046
736,171393
738,166554
740,163010
742,159179
744,154785
746,152053
748,149007
750,145865
752,142381
754,140189
756,136695
758,134433
760,132280
762,127765
764,126933
766,125277
768,123078
770,121272
772,119656
774,117551
776,115410
778,114021
780,112361
782,110889
784,109036
786,108081
788,106565
790,106322
792,104980
794,103810
796,102865
798,99296
800,100107
802,100209
804,99476
806,98928
808,98508
810,97194
812,97458
814,97142
816,95955
818,95952
820,95393
822,95839
824,95607
826,95681
828,95912
830,96328
832,96679
834,94534
836,97057
838,96969
840,97449
842,98335
844,99778
846,100272
848,102083
850,103395
852,105504
854,108301
856,110378
858,114525
860,117901
862,123297
864,129412
866,136695
868,144597
870,150458
872,165024
874,177373
876,193153
878,209757
880,229161
882,251626
884,277253
886,307929
888,340716
890,378501
892,419751
894,465474
896,517781
898,574559
900,636418
902,705533
904,778929
906,859511
908,929500
910,1036190
912,1134593
914,1236484
916,1343897
918,1458742
920,1576540
922,1699118
924,1820312
926,1947876
928,2079132
930,2202686
932,2330841
934,2453830
936,2578083
938,2691751
940,2803361
942,2907497
944,2945818
946,3089653
948,3165191
950,3231356
952,3280451
954,3315713
956,3346794
958,3356724
960,3355649
962,3339255
964,3310313
966,3263988
968,3208580
970,3136579
972,3058290
974,2964779
976,2864929
978,2752712
980,2595059
982,2520952
984,2390034
986,2261571
988,2126080
990,1992523
992,1859618
994,1725776
996,1599234
998,1473428
1000,1350376
1002,1231758
1004,1120711
1006,1013730
1008,915567
1010,820842
1012,734888
1014,655289
1016,570247
1018,514152
1020,452222
1022,395511
1024,345390
1026,301650
1028,260573
1030,225671
1032,194312
1034,167226
1036,144095
1038,123137
1040,104478
1042,89416
1044,77047
1046,65444
1048,56259
1050,48428
1052,40815
1054,36176
1056,31740
1058,27471
1060,24754
1062,21828
1064,19512
1066,17931
1068,16392
1070,15363
1072,14313
1074,13623
1076,12998
1078,12335
1080,11853
1082,11617
1084,11457
1086,11130
1088,10739
1090,10777
1092,10645
1094,10508
1096,10473
1098,10495
1100,10380
1102,10252
1104,10212
1106,10201
1108,10142
1110,9919
1112,9825
1114,10113
1116,10001
1118,9832
1120,9966
1122,9784
1124,9785
1126,9551
1128,9613
1130,9658
1132,9378
1134,9589
1136,9436
1138,9413
1140,9606
1142,9527
1144,9507
1146,9213
1148,9332
1150,9232
1152,9266
1154,9455
1156,9114
1158,9361
1160,9220
1162,9158
1164,9207
1166,9227
1168,9186
1170,9155
1172,9260
1174,9031
1176,9118
1178,9045
1180,8835
1182,8955
1184,9001
1186,8876
1188,8883
1190,9158
1192,8663
1194,8892
1196,8908
1198,8825
1200,8807
1202,8978
1204,8708
1206,8914
1208,8653
1210,8923
1212,8747
1214,8746
1216,8652
1218,8863
1220,8804
1222,8566
1224,8643
1226,8554
1228,8703
1230,8412
1232,8679
1234,8246
1236,8625
1238,8443
1240,8393
1242,8500
1244,8209
1246,8115
1248,8333
1250,8257
1252,8136
1254,8074
1256,7972
1258,8049
1260,8062
1262,7804
1264,8001
1266,8025
1268,7882
1270,7633
1272,7648
1274,7817
1276,7614
1278,7669
1280,7521
1282,7514
1284,7606
1286,7483
1288,7384
1290,7391
1292,7146
1294,7320
1296,7038
1298,7160
1300,7008
1302,6965
1304,6831
1306,6680
1308,6690
1310,6844
1312,6953
1314,6886
1316,6861
1318,6684
1320,6647
1322,6726
1324,6553
1326,6619
1328,6410
1330,6512
1332,6309
1334,6348
1336,6264
1338,6262
1340,6323
1342,6113
1344,6154
1346,6214
1348,6041
1350,6029
1352,6036
1354,6031
1356,5978
1358,5891
1360,5784
1362,5871
1364,5882
1366,5754
1368,5722
1370,5578
1372,5788
1374,5690
1376,5566
1378,5718
1380,5532
1382,5587
1384,5449
1386,5821
1388,5417
1390,5529
1392,5477
1394,5327
1396,5375
1398,5406
1400,5361
1402,5423
1404,5255
1406,5376
1408,5290
1410,5193
1412,5105
1414,5150
1416,5167
1418,5153
1420,5090
1422,5201
1424,5159
1426,5217
1428,4981
1430,5089
1432,5069
1434,4987
1436,5143
1438,5042
1440,5013
1442,4789
1444,4866
1446,4802
1448,4802
1450,4844
1452,4735
1454,4795
1456,4861
1458,4741
1460,4842
1462,4771
1464,4819
1466,4654
1468,4693
1470,4698
1472,4736
1474,4667
1476,4611
1478,4544
1480,4734
1482,4531
1484,4407
1486,4580
1488,4428
1490,4529
1492,4405
1494,4490
1496,4437
1498,4397
1500,4461
1502,4475
1504,4466
1506,4357
1508,4425
1510,4363
1512,4358
1514,4271
1516,4272
1518,4231
1520,4363
1522,4196
1524,4101
1526,4093
1528,4256
1530,4200
1532,4107
1534,4279
1536,4096
1538,4039
1540,4084
1542,4021
1544,4118
1546,4118
1548,4044
1550,3959
1552,3865
1554,3921
1556,3921
1558,3889
1560,3746
1562,3917
1564,3745
1566,3756
1568,3729
1570,3696
1572,3670
1574,3669
1576,3759
1578,3606
1580,3549
1582,3505
1584,3522
1586,3588
1588,3424
1590,3525
1592,3373
1594,3457
1596,3464
1598,3318
1600,3392
1602,3352
1604,3353
1606,3376
1608,3161
1610,3204
1612,3248
1614,3288
1616,3198
1618,3025
1620,3106
1622,3076
1624,2937
1626,2973
1628,2954
1630,2945
1632,2834
1634,2855
1636,2785
1638,2743
1640,2844
1642,2765
1644,2815
1646,2711
1648,2695
1650,2771
1652,2676
1654,2589
1656,2728
1658,2516
1660,2592
1662,2556
1664,2586
1666,2523
1668,2501
1670,2437
1672,2555
1674,2498
1676,2515
1678,2571
1680,2480
1682,2394
1684,2446
1686,2525
1688,2508
1690,2358
1692,2355
1694,2434
1696,2422
1698,2491
1700,2474
1702,2428
1704,2451
1706,2419
1708,2382
1710,2469
1712,2499
1714,2511
1716,2545
1718,2434
1720,2584
1722,2537
1724,2430
1726,2447
1728,2506
1730,2695
1732,2508
1734,2559
1736,2585
1738,2628
1740,2548
1742,2472
1744,2631
1746,2577
1748,2730
1750,2587
1752,2663
1754,2761
1756,2692
1758,2762
1760,2820
1762,2668
1764,2883
1766,2864
1768,2796
1770,2914
1772,2869
1774,2807
1776,2979
1778,3008
1780,2913
1782,2951
1784,3151
1786,3049
1788,3177
1790,3072
1792,3203
1794,3221
1796,3234
1798,3217
1800,3210
1802,3321
1804,3417
1806,3362
1808,3386
1810,3571
1812,3450
1814,3584
1816,3523
1818,3742
1820,3536
1822,3773
1824,3702
1826,3910
1828,3766
1830,3934
1832,3897
1834,3881
1836,3975
1838,4035
1840,4067
1842,4100
1844,4131
1846,4115
1848,4151
1850,4086
1852,4162
1854,4263
1856,4316
1858,4281
1860,4214
1862,4167
1864,4230
1866,4418
1868,4400
1870,4238
1872,4243
1874,4160
1876,4207
1878,4075
1880,4192
1882,4082
1884,4107
1886,4123
1888,3886
1890,3960
1892,3805
1894,3646
1896,3636
1898,3605
1900,3563
1902,3503
1904,3330
1906,3299
1908,3159
1910,3138
1912,2940
1914,2940
1916,2818
1918,2796
1920,2544
1922,2494
1924,2471
1926,2424
1928,2243
1930,2156
1932,2030
1934,1951
1936,1820
1938,1808
1940,1603
1942,1544
1944,1459
1946,1454
1948,1323
1950,1319
1952,1280
1954,1143
1956,1090
1958,1067
1960,896
1962,865
1964,804
1966,804
1968,748
1970,721
1972,677
1974,654
1976,581
1978,595
1980,533
1982,463
1984,435
1986,419
1988,424
1990,415
1992,417
1994,376
1996,353
1998,359
2000,377
2002,349
2004,311
2006,347
2008,309
2010,315
2012,293
2014,275
2016,301
2018,274
2020,279
2022,307
2024,261
2026,280
2028,319
2030,305
2032,280
2034,246
2036,316
2038,310
2040,318
2042,283
2044,279
2046,283
2048,289
2050,286
2052,276
2054,292
2056,313
2058,262
2060,288
2062,275
2064,269
2066,297
2068,247
2070,242
2072,264
2074,267
2076,233
2078,226
2080,235
2082,254
2084,242
2086,224
2088,231
2090,195
2092,195
2094,217
2096,187
2098,205
2100,181
2102,214
2104,185
2106,166
2108,142
2110,177
2112,158
2114,160
2116,144
2118,134
2120,126
2122,125
2124,121
2126,109
2128,131
2130,122
2132,112
2134,112
2136,104
2138,113
2140,92
2142,98
2144,94
2146,93
2148,109
2150,92
2152,91
2154,70
2156,77
2158,80
2160,73
2162,72
2164,82
2166,63
2168,78
2170,71
2172,70
2174,65
2176,58
2178,53
2180,73
2182,58
2184,52
2186,53
2188,48
2190,77
2192,65
2194,64
2196,66
2198,54
2200,60
2202,55
2204,53
2206,81
2208,70
2210,60
2212,56
2214,58
2216,54
2218,58
2220,54
2222,61
2224,57
2226,50
2228,49
2230,48
2232,51
2234,47
2236,55
2238,51
2240,61
2242,50
2244,48
2246,43
2248,52
2250,51
2252,37
2254,49
2256,55
2258,52
2260,40
2262,49
2264,46
2266,52
2268,42
2270,47
2272,56
2274,50
2276,50
2278,49
2280,54
2282,39
2284,44
2286,36
2288,43
2290,40
2292,40
2294,42
2296,35
2298,44
2300,46
2302,32
2304,44
2306,39
2308,48
2310,38
2312,47
2314,46
2316,35
2318,50
2320,45
2322,37
2324,37
2326,56
2328,45
2330,45
2332,47
2334,39
2336,58
2338,37
2340,44
2342,43
2344,50
2346,39
2348,49
2350,44
2352,58
2354,50
2356,38
2358,47
2360,43
2362,50
2364,45
2366,38
2368,38
2370,34
2372,38
2374,43
2376,45
2378,49
2380,42
2382,61
2384,55
2386,41
2388,41
2390,59
2392,43
2394,49
2396,48
2398,39
2400,35
2402,39
2404,47
2406,52
2408,63
2410,56
2412,45
2414,62
2416,46
2418,42
2420,55
2422,60
2424,55
2426,50
2428,40
2430,54
2432,39
2434,61
2436,45
2438,50
2440,56
2442,49
2444,53
2446,62
2448,56
2450,49
2452,64
2454,54
2456,64
2458,62
2460,64
2462,58
2464,51
2466,46
2468,53
2470,56
2472,44
2474,51
2476,66
2478,51
2480,68
2482,48
2484,46
2486,54
2488,42
2490,39
2492,48
2494,56
2496,40
2498,45
2500,45
2502,48
2504,47
2506,44
2508,37
2510,39
2512,37
2514,41
2516,38
2518,45
2520,38
2522,46
2524,48
2526,31
2528,40
2530,47
2532,37
2534,41
2536,42
2538,38
2540,41
2542,38
2544,48
2546,37
2548,36
2550,38
2552,34
2554,40
2556,27
2558,43
2560,25
2562,44
2564,30
2566,38
2568,38
2570,23
2572,34
2574,27
2576,26
2578,32
2580,33
2582,28
2584,35
2586,25
2588,32
2590,27
2592,26
2594,25
2596,33
2598,22
2600,26
2602,34
2604,37
2606,22
2608,26
2610,24
2612,29
2614,26
2616,27
2618,29
2620,35
2622,23
2624,22
2626,37
2628,24
2630,31
2632,25
2634,20
2636,28
2638,27
2640,24
2642,16
2644,31
2646,22
2648,21
2650,28
2652,31
2654,26
2656,27
2658,31
2660,30
2662,24
2664,19
2666,21
2668,27
2670,24
2672,27
2674,26
2676,17
2678,26
2680,16
2682,24
2684,27
2686,19
2688,32
2690,28
2692,22
2694,27
2696,18
2698,22
2700,21
2702,22
2704,30
2706,18
2708,23
2710,29
2712,16
2714,18
2716,29
2718,21
2720,21
2722,22
2724,22
2726,14
2728,16
2730,26
2732,15
2734,17
2736,22
2738,28
2740,21
2742,32
2744,20
2746,20
2748,17
2750,23
2752,16
2754,18
2756,18
2758,17
2760,15
2762,16
2764,20
2766,24
2768,20
2770,14
2772,15
2774,13
2776,17
2778,12
2780,12
2782,13
2784,22
2786,10
2788,23
2790,17
2792,14
2794,19
2796,12
2798,16
2800,13
2802,10
2804,15
2806,22
2808,16
2810,22
2812,18
2814,21
2816,10
2818,17
2820,19
2822,22
2824,17
2826,13
2828,13
2830,7
2832,19
2834,15
2836,15
2838,8
2840,14
2842,17
2844,13
2846,12
2848,24
2850,18
2852,23
2854,20
2856,10
2858,13
2860,15
2862,20
2864,14
2866,14
2868,7
2870,23
2872,20
2874,16
2876,14
2878,15
2880,14
2882,17
2884,11
2886,18
2888,17
2890,24
2892,18
2894,16
2896,13
2898,11
2900,18
2902,17
2904,17
2906,17
2908,11
2910,17
2912,23
2914,10
2916,26
2918,24
2920,27
2922,13
2924,17
2926,19
2928,15
2930,18
2932,21
2934,16
2936,17
2938,19
2940,13
2942,20
2944,14
2946,26
2948,21
2950,19
2952,16
2954,28
2956,17
2958,13
2960,23
2962,17
2964,9
2966,31
2968,9
2970,34
2972,14
2974,20
2976,18
2978,13
2980,22
2982,20
2984,18
2986,16
2988,20
2990,18
2992,13
2994,22
2996,19
2998,18
3000,13
3002,22
3004,13
3006,13
3008,21
3010,21
3012,19
3014,25
3016,14
3018,22
3020,15
3022,20
3024,19
3026,12
3028,20
3030,17
3032,23
3034,26
3036,18
3038,14
3040,17
3042,11
3044,10
3046,16
3048,13
3050,17
3052,17
3054,17
3056,20
3058,15
3060,19
3062,13
3064,20
3066,21
3068,18
3070,21
3072,18
3074,14
3076,16
3078,18
3080,21
3082,18
3084,14
3086,16
3088,17
3090,20
3092,17
3094,16
3096,20
3098,22
3100,18
3102,18
3104,14
3106,14
3108,24
3110,19
3112,24
3114,10
3116,19
3118,17
3120,18
3122,15
3124,14
3126,4
3128,13
3130,14
3132,17
3134,14
3136,11
3138,8
3140,7
3142,18
3144,12
3146,14
3148,14
3150,14
3152,10
3154,17
3156,10
3158,12
3160,11
3162,9
3164,11
3166,10
3168,15
3170,11
3172,12
3174,16
3176,10
3178,11
3180,13
3182,13
3184,10
3186,13
3188,8
3190,10
3192,5
3194,5
3196,13
3198,11
3200,11
3202,10
3204,13
3206,9
3208,8
3210,6
3212,6
3214,14
3216,11
3218,7
3220,16
3222,8
3224,12
3226,7
3228,6
3230,10
3232,6
3234,8
3236,13
3238,13
3240,14
3242,13
3244,6
3246,12
3248,8
3250,8
3252,19
3254,8
3256,8
3258,7
3260,14
3262,15
3264,13
3266,12
3268,9
3270,10
3272,6
3274,4
3276,16
3278,12
3280,11
3282,8
3284,9
3286,5
3288,11
3290,8
3292,5
3294,10
3296,10
3298,9
3300,11
3302,10
3304,13
3306,4
3308,6
3310,10
3312,4
3314,8
3316,6
3318,6
3320,6
3322,10
3324,11
3326,9
3328,1
3330,8
3332,8
3334,8
3336,8
3338,10
3340,7
3342,6
3344,12
3346,7
3348,10
3350,8
3352,6
3354,8
3356,5
3358,7
3360,4
3362,10
3364,7
3366,3
3368,10
3370,4
3372,6
3374,13
3376,6
3378,5
3380,4
3382,4
3384,8
3386,5
3388,7
3390,5
3392,3
3394,9
3396,4
3398,10
3400,10
3402,8
3404,5
3406,4
3408,4
3410,6
3412,10
3414,12
3416,6
3418,5
3420,6
3422,5
3424,5
3426,5
3428,2
3430,8
3432,2
3434,7
3436,6
3438,7
3440,5
3442,9
3444,4
3446,6
3448,5
3450,4
3452,1
3454,4
3456,8
3458,6
3460,2
3462,10
3464,11
3466,11
3468,7
3470,12
3472,3
3474,7
3476,3
3478,3
3480,4
3482,10
3484,4
3486,17
3488,8
3490,7
3492,8
3494,5
3496,3
3498,8
3500,9
3502,7
3504,11
3506,7
3508,10
3510,8
3512,12
3514,9
3516,9
3518,10
3520,12
3522,6
3524,10
3526,9
3528,13
3530,9
3532,10
3534,15
3536,6
3538,14
3540,10
3542,7
3544,11
3546,9
3548,13
3550,10
3552,17
3554,13
3556,14
3558,13
3560,13
3562,9
3564,5
3566,10
3568,11
3570,17
3572,14
3574,10
3576,9
3578,14
3580,16
3582,19
3584,12
3586,10
3588,14
3590,12
3592,11
3594,12
3596,20
3598,12
3600,10
3602,19
3604,6
3606,14
3608,16
3610,11
3612,18
3614,12
3616,18
3618,10
3620,11
3622,14
3624,22
3626,14
3628,17
3630,15
3632,10
3634,15
3636,13
3638,9
3640,12
3642,9
3644,12
3646,15
3648,12
3650,14
3652,11
3654,17
3656,13
3658,13
3660,12
3662,14
3664,12
3666,8
3668,12
3670,12
3672,10
3674,11
3676,11
3678,7
3680,11
3682,10
3684,9
3686,11
3688,6
3690,4
3692,9
3694,6
3696,7
3698,4
3700,6
3702,14
3704,11
3706,12
3708,6
3710,9
3712,8
3714,10
3716,10
3718,5
3720,5
3722,8
3724,1
3726,3
3728,6
3730,5
3732,6
3734,5
3736,8
3738,5
3740,5
3742,5
3744,2
3746,6
3748,8
3750,7
3752,4
3754,3
3756,4
3758,2
3760,7
3762,3
3764,9
3766,4
3768,2
3770,5
3772,6
3774,4
3776,6
3778,6
3780,1
3782,3
3784,7
3786,2
3788,0
3790,4
3792,3
3794,2
3796,2
3798,3
3800,5
3802,4
3804,3
3806,1
3808,2
3810,7
3812,4
3814,1
3816,3
3818,1
3820,3
3822,5
3824,2
3826,2
3828,0
3830,8
3832,3
3834,4
3836,2
3838,5
3840,1
3842,2
3844,2
3846,0
3848,3
3850,6
3852,2
3854,3
3856,0
3858,7
3860,2
3862,6
3864,3
3866,4
3868,4
3870,3
3872,1
3874,5
3876,4
3878,3
3880,2
3882,0
3884,1
3886,9
3888,1
3890,4
3892,2
3894,1
3896,6
3898,3
3900,1
3902,6
3904,3
3906,3
3908,5
3910,0
3912,5
3914,5
3916,0
3918,4
3920,2
3922,2
3924,2
3926,2
3928,3
3930,2
3932,1
3934,2
3936,2
3938,4
3940,2
3942,5
3944,4
3946,5
3948,3
3950,2
3952,0
3954,1
3956,1
3958,1
3960,2
3962,2
3964,3
3966,1
3968,2
3970,1
3972,2
3974,7
3976,5
3978,4
3980,1
3982,6
3984,2
3986,2
3988,4
3990,2
3992,3
3994,6
3996,5
3998,4
4000,3
4002,4
4004,4
4006,3
4008,5
4010,0
4012,2
4014,4
4016,6
4018,8
4020,3
4022,6
4024,1
4026,2
4028,5
4030,1
4032,2
4034,1
4036,2
4038,7
4040,3
4042,4
4044,3
4046,2
4048,4
4050,1
4052,4
4054,3
4056,3
4058,1
4060,5
4062,4
4064,7
4066,5
4068,5
4070,2
4072,6
4074,4
4076,2
4078,2
4080,1
4082,4
4084,1
4086,3
4088,5
4090,2
4092,2
4094,2
4096,1
4098,1
4100,3
4102,2
4104,3
4106,2
4108,1
4110,2
4112,4
4114,5
4116,2
4118,2
4120,4
4122,3
4124,2
4126,5
4128,3
4130,1
4132,1
4134,5
4136,2
4138,0
4140,2
4142,4
4144,5
4146,4
4148,3
4150,4
4152,2
4154,2
4156,2
4158,3
4160,2
4162,4
4164,2
4166,3
4168,2
4170,4
4172,3
4174,3
4176,5
4178,3
4180,2
4182,4
4184,6
4186,4
4188,4
4190,2
4192,3
4194,2
4196,2
4198,3
4200,1
4202,4
4204,2
4206,2
4208,5
4210,2
4212,3
4214,2
4216,1
4218,3
4220,3
4222,1
4224,2
4226,2
4228,3
4230,4
4232,1
4234,1
4236,3
4238,4
4240,5
4242,2
4244,3
4246,2
4248,5
4250,1
4252,4
4254,2
4256,1
4258,3
4260,1
4262,2
4264,1
4266,2
4268,3
4270,3
4272,3
4274,2
4276,3
4278,4
4280,1
4282,3
4284,3
4286,3
4288,1
4290,1
4292,2
4294,3
4296,2
4298,5
4300,3
4302,4
4304,3
4306,0
4308,1
4310,1
4312,2
4314,5
4316,4
4318,1
4320,4
4322,1
4324,1
4326,2
4328,0
4330,0
4332,3
4334,3
4336,2
4338,5
4340,3
4342,4
4344,1
4346,2
4348,4
4350,2
4352,4
4354,5
4356,1
4358,1
4360,1
4362,2
4364,2
4366,2
4368,1
4370,4
4372,0
4374,1
4376,1
4378,0
4380,3
4382,1
4384,2
4386,1
4388,9
4390,0
4392,2
4394,3
4396,4
4398,4
4400,4
4402,2
4404,1
4406,1
4408,0
4410,3
4412,6
4414,4
4416,2
4418,3
4420,4
4422,1
4424,2
4426,2
4428,1
4430,2
4432,3
4434,7
4436,5
4438,3
4440,3
4442,1
4444,3
4446,2
4448,3
4450,1
4452,7
4454,0
4456,0
4458,2
4460,4
4462,2
4464,3
4466,2
4468,0
4470,4
4472,2
4474,1
4476,4
4478,4
4480,3
4482,3
4484,1
4486,2
4488,2
4490,2
4492,4
4494,1
4496,3
4498,1
4500,2
4502,1
4504,2
4506,2
4508,1
4510,2
4512,3
4514,2
4516,2
4518,1
4520,0
4522,0
4524,0
4526,1
4528,3
4530,4
4532,2
4534,0
4536,1
4538,0
4540,4
4542,2
4544,2
4546,2
4548,1
4550,1
4552,2
4554,1
4556,3
4558,0
4560,2
4562,1
4564,4
4566,4
4568,3
4570,2
4572,0
4574,1
4576,1
4578,1
4580,2
4582,2
4584,0
4586,2
4588,3
4590,0
4592,3
4594,3
4596,1
4598,1
4600,1
4602,0
4604,6
4606,4
4608,2
4610,2
4612,1
4614,3
4616,1
4618,2
4620,5
4622,2
4624,2
4626,4
4628,1
4630,3
4632,5
4634,3
4636,2
4638,2
4640,2
4642,1
4644,3
4646,2
4648,1
4650,1
4652,1
4654,5
4656,1
4658,2
4660,0
4662,6
4664,1
4666,1
4668,1
4670,3
4672,3
4674,5
4676,1
4678,1
4680,0
4682,1
4684,3
4686,2
4688,4
4690,3
4692,1
4694,3
4696,2
4698,4
4700,2
4702,5
4704,3
4706,4
4708,3
4710,2
4712,0
4714,3
4716,2
4718,3
4720,6
4722,4
4724,6
4726,2
4728,2
4730,4
4732,3
4734,4
4736,4
4738,4
4740,0
4742,1
4744,1
4746,4
4748,0
4750,2
4752,2
4754,1
4756,0
4758,2
4760,2
4762,3
4764,3
4766,3
4768,1
4770,0
4772,2
4774,3
4776,0
4778,6
4780,1
4782,3
4784,3
4786,3
4788,3
4790,1
4792,4
4794,5
4796,4
4798,2
4800,3
4802,0
4804,0
4806,4
4808,4
4810,3
4812,2
4814,5
4816,2
4818,7
4820,2
4822,1
4824,4
4826,1
4828,3
4830,1
4832,2
4834,4
4836,3
4838,5
4840,1
4842,2
4844,4
4846,2
4848,3
4850,6
4852,1
4854,2
4856,7
4858,1
4860,1
4862,0
4864,2
4866,2
4868,2
4870,2
4872,2
4874,4
4876,2
4878,1
4880,2
4882,3
4884,4
4886,3
4888,3
4890,1
4892,1
4894,2
4896,1
4898,3
4900,1
4902,5
4904,1
4906,2
4908,3
4910,3
4912,2
4914,3
4916,3
4918,3
4920,2
4922,2
4924,2
4926,1
4928,2
4930,1
4932,2
4934,0
4936,1
4938,3
4940,4
4942,3
4944,2
4946,7
4948,0
4950,2
4952,4
4954,1
4956,0
4958,3
4960,2
4962,1
4964,2
4966,1
4968,0
4970,4
4972,2
4974,2
4976,1
4978,1
4980,0
4982,3
4984,4
4986,3
4988,1
4990,3
4992,2
4994,2
4996,1
4998,5
5000,2
5002,3
5004,3
5006,2
5008,3
5010,6
5012,4
5014,4
5016,2
5018,3
5020,1
5022,2
5024,5
5026,4
5028,2
5030,4
5032,2
5034,3
5036,1
5038,4
5040,3
5042,0
5044,4
5046,2
5048,1
5050,3
5052,1
5054,1
5056,1
5058,0
5060,1
5062,1
5064,2
5066,2
5068,0
5070,2
5072,4
5074,1
5076,3
5078,1
5080,1
5082,3
5084,2
5086,1
5088,2
5090,4
5092,0
5094,1
5096,1
5098,1
5100,1
5102,3
5104,5
5106,1
5108,4
5110,1
5112,0
5114,3
5116,5
5118,0
5120,2
5122,3
5124,4
5126,0
5128,0
5130,5
5132,2
5134,4
5136,2
5138,1
5140,1
5142,4
5144,3
5146,1
5148,4
5150,3
5152,1
5154,6
5156,0
5158,3
5160,0
5162,2
5164,3
5166,2
5168,3
5170,3
5172,3
5174,0
5176,2
5178,3
5180,4
5182,2
5184,2
5186,1
5188,2
5190,3
5192,2
5194,2
5196,0
5198,4
5200,0
5202,2
5204,1
5206,3
5208,1
5210,6
5212,4
5214,2
5216,2
5218,3
5220,5
5222,2
5224,2
5226,3
5228,1
5230,1
5232,2
5234,2
5236,1
5238,3
5240,1
5242,2
5244,1
5246,1
5248,1
5250,0
5252,0
5254,3
5256,2
5258,1
5260,0
5262,5
5264,4
5266,4
5268,3
5270,4
5272,2
5274,4
5276,1
5278,1
5280,5
5282,2
5284,3
5286,0
5288,2
5290,0
5292,0
5294,3
5296,2
5298,1
5300,1
5302,3
5304,2
5306,3
5308,2
5310,3
5312,2
5314,1
5316,0
5318,0
5320,4
5322,1
5324,0
5326,2
5328,1
5330,1
5332,2
5334,5
5336,3
5338,1
5340,4
5342,0
5344,1
5346,0
5348,1
5350,2
5352,1
5354,2
5356,2
5358,2
5360,1
5362,5
5364,0
5366,4
5368,0
5370,1
5372,2
5374,1
5376,0
5378,4
5380,1
5382,2
5384,0
5386,1
5388,1
5390,2
5392,2
5394,2
5396,1
5398,4
5400,4
5402,3
5404,2
5406,0
5408,4
5410,3
5412,2
5414,2
5416,2
5418,1
5420,0
5422,3
5424,0
5426,4
5428,3
5430,2
5432,1
5434,2
5436,3
5438,1
5440,2
5442,5
5444,2
5446,3
5448,2
5450,2
5452,4
5454,5
5456,1
5458,1
5460,1
5462,1
5464,5
5466,2
5468,2
5470,1
5472,1
5474,1
5476,0
5478,4
5480,5
5482,0
5484,1
5486,5
5488,2
5490,2
5492,4
5494,2
5496,1
5498,2
5500,3
5502,0
5504,2
5506,1
5508,5
5510,2
5512,4
5514,5
5516,4
5518,1
5520,1
5522,1
5524,1
5526,1
5528,1
5530,3
5532,3
5534,3
5536,1
5538,1
5540,1
5542,0
5544,0
5546,3
5548,4
5550,6
5552,1
5554,0
5556,2
5558,3
5560,0
5562,2
5564,5
5566,3
5568,0
5570,4
5572,1
5574,3
5576,0
5578,1
5580,0
5582,5
5584,1
5586,2
5588,1
5590,2
5592,2
5594,1
5596,2
5598,0
5600,1
5602,3
5604,2
5606,3
5608,3
5610,1
5612,2
5614,0
5616,3
5618,1
5620,4
5622,3
5624,1
5626,1
5628,0
5630,4
5632,1
5634,2
5636,0
5638,1
5640,5
5642,1
5644,1
5646,1
5648,1
5650,1
5652,1
5654,1
5656,2
5658,4
5660,2
5662,1
5664,2
5666,3
5668,1
5670,1
5672,1
5674,2
5676,2
5678,1
5680,3
5682,5
5684,0
5686,3
5688,4
5690,1
5692,1
5694,3
5696,5
5698,3
5700,3
5702,4
5704,1
5706,4
5708,5
5710,2
5712,2
5714,0
5716,4
5718,1
5720,0
5722,1
5724,3
5726,1
5728,1
5730,2
5732,3
5734,1
5736,3
5738,0
5740,6
5742,2
5744,4
5746,2
5748,2
5750,3
5752,3
5754,1
5756,4
5758,0
5760,1
5762,1
5764,4
5766,2
5768,3
5770,2
5772,4
5774,1
5776,2
5778,1
5780,1
5782,1
5784,1
5786,2
5788,2
5790,0
5792,0
5794,2
5796,2
5798,2
5800,0
5802,4
5804,0
5806,4
5808,1
5810,4
5812,1
5814,5
5816,3
5818,1
5820,2
5822,0
5824,1
5826,2
5828,0
5830,2
5832,3
5834,1
5836,1
5838,0
5840,0
5842,4
5844,2
5846,2
5848,2
5850,1
5852,2
5854,2
5856,2
5858,0
5860,1
5862,2
5864,5
5866,2
5868,3
5870,1
5872,4
5874,3
5876,0
5878,0
5880,0
5882,3
5884,2
5886,0
5888,4
5890,1
5892,0
5894,2
5896,1
5898,1
5900,1
5902,2
5904,3
5906,3
5908,2
5910,1
5912,1
5914,1
5916,0
5918,3
5920,0
5922,2
5924,2
5926,0
5928,1
5930,1
5932,3
5934,2
5936,5
5938,0
5940,2
5942,3
5944,1
5946,0
5948,3
5950,4
5952,0
5954,3
5956,2
5958,1
5960,2
5962,0
5964,3
5966,0
5968,0
5970,2
5972,0
5974,3
5976,0
5978,2
5980,0
5982,3
5984,1
5986,1
5988,5
5990,0
5992,0
5994,1
5996,3
5998,1
6000,1
6002,3
6004,4
6006,0
6008,0
6010,2
6012,0
6014,3
6016,0
6018,1
6020,1
6022,2
6024,1
6026,1
6028,1
6030,3
6032,0
6034,0
6036,4
6038,1
6040,1
6042,2
6044,3
6046,0
6048,1
6050,1
6052,0
6054,2
6056,3
6058,4
6060,1
6062,3
6064,1
6066,0
6068,3
6070,2
6072,1
6074,1
6076,0
6078,2
6080,5
6082,1
6084,4
6086,1
6088,1
6090,3
6092,2
6094,4
6096,3
6098,2
6100,1
6102,4
6104,1
6106,3
6108,2
6110,3
6112,1
6114,1
6116,5
6118,3
6120,2
6122,0
6124,2
6126,2
6128,3
6130,3
6132,0
6134,0
6136,0
6138,2
6140,3
6142,2
6144,0
6146,4
6148,2
6150,5
6152,2
6154,4
6156,2
6158,4
6160,1
6162,1
6164,1
6166,2
6168,3
6170,1
6172,2
6174,1
6176,2
6178,1
6180,1
6182,2
6184,1
6186,2
6188,2
6190,0
6192,4
6194,0
6196,5
6198,2
6200,0
6202,4
6204,2
6206,2
6208,1
6210,4
6212,0
6214,3
6216,1
6218,1
6220,3
6222,4
6224,3
6226,3
6228,1
6230,4
6232,2
6234,1
6236,3
6238,1
6240,1
6242,2
6244,1
6246,2
6248,1
6250,0
6252,1
6254,3
6256,0
6258,2
6260,2
6262,1
6264,0
6266,1
6268,2
6270,2
6272,4
6274,0
6276,4
6278,2
6280,2
6282,0
6284,0
6286,0
6288,1
6290,1
6292,1
6294,2
6296,1
6298,0
6300,2
6302,2
6304,2
6306,0
6308,1
6310,2
6312,0
6314,0
6316,1
6318,3
6320,0
6322,6
6324,0
6326,4
6328,1
6330,2
6332,2
6334,3
6336,2
6338,3
6340,2
6342,1
6344,3
6346,1
6348,4
6350,1
6352,1
6354,3
6356,3
6358,3
6360,1
6362,0
6364,2
6366,0
6368,2
6370,2
6372,2
6374,1
6376,1
6378,5
6380,2
6382,5
6384,3
6386,1
6388,2
6390,2
6392,1
6394,3
6396,3
6398,0
6400,2
6402,3
6404,1
6406,1
6408,3
6410,2
6412,1
6414,1
6416,1
6418,4
6420,4
6422,0
6424,2
6426,3
6428,2
6430,1
6432,0
6434,4
6436,4
6438,3
6440,2
6442,2
6444,0
6446,1
6448,2
6450,2
6452,3
6454,5
6456,1
6458,3
6460,4
6462,1
6464,0
6466,0
6468,3
6470,1
6472,0
6474,0
6476,5
6478,1
6480,5
6482,1
6484,0
6486,1
6488,0
6490,1
6492,0
6494,2
6496,1
6498,1
6500,2
6502,3
6504,1
6506,3
6508,5
6510,1
6512,1
6514,2
6516,2
6518,2
6520,2
6522,4
6524,2
6526,1
6528,3
6530,3
6532,2
6534,2
6536,2
6538,0
6540,1
6542,2
6544,4
6546,0
6548,6
6550,0
6552,3
6554,2
6556,4
6558,8
6560,5
6562,0
6564,1
6566,2
6568,4
6570,1
6572,3
6574,2
6576,2
6578,1
6580,0
6582,3
6584,1
6586,1
6588,4
6590,3
6592,4
6594,2
6596,3
6598,2
6600,3
6602,3
6604,3
6606,0
6608,0
6610,2
6612,1
6614,3
6616,1
6618,0
6620,2
6622,2
6624,2
6626,0
6628,2
6630,2
6632,0
6634,4
6636,1
6638,1
6640,1
6642,4
6644,2
6646,0
6648,0
6650,2
6652,3
6654,3
6656,2
6658,3
6660,0
6662,2
6664,3
6666,4
6668,3
6670,1
6672,1
6674,5
6676,2
6678,2
6680,4
6682,2
6684,1
6686,0
6688,2
6690,4
6692,1
6694,2
6696,2
6698,1
6700,0
6702,0
6704,1
6706,3
6708,3
6710,2
6712,2
6714,5
6716,2
6718,1
6720,1
6722,1
6724,3
6726,2
6728,0
6730,3
6732,4
6734,3
6736,3
6738,6
6740,2
6742,1
6744,2
6746,1
6748,3
6750,3
6752,2
6754,3
6756,4
6758,2
6760,2
6762,3
6764,0
6766,2
6768,5
6770,1
6772,2
6774,3
6776,2
6778,2
6780,3
6782,4
6784,2
6786,1
6788,5
6790,7
6792,3
6794,3
6796,1
6798,2
6800,2
6802,1
6804,2
6806,1
6808,0
6810,2
6812,2
6814,2
6816,2
6818,2
6820,2
6822,1
6824,4
6826,6
6828,2
6830,1
6832,2
6834,2
6836,3
6838,1
6840,2
6842,1
6844,2
6846,0
6848,1
6850,1
6852,1
6854,0
6856,6
6858,4
6860,1
6862,1
6864,2
6866,3
6868,3
6870,1
6872,1
6874,3
6876,4
6878,4
6880,2
6882,6
6884,2
6886,1
6888,4
6890,3
6892,2
6894,1
6896,2
6898,0
6900,2
6902,1
6904,4
6906,3
6908,1
6910,4
6912,2
6914,4
6916,5
6918,3
6920,3
6922,3
6924,1
6926,1
6928,1
6930,1
6932,1
6934,2
6936,4
6938,1
6940,4
6942,0
6944,3
6946,2
6948,3
6950,1
6952,1
6954,2
6956,5
6958,1
6960,1
6962,0
6964,2
6966,2
6968,2
6970,1
6972,1
6974,4
6976,2
6978,2
6980,2
6982,4
6984,3
6986,6
6988,3
6990,3
6992,3
6994,2
6996,4
6998,2
7000,3
7002,2
7004,5
7006,1
7008,2
7010,3
7012,1
7014,2
7016,2
7018,3
7020,2
7022,3
7024,3
7026,1
7028,0
7030,4
7032,2
7034,1
7036,4
7038,3
7040,2
7042,2
7044,0
7046,1
7048,1
7050,1
7052,1
7054,4
7056,0
7058,0
7060,2
7062,2
7064,3
7066,2
7068,4
7070,3
7072,2
7074,2
7076,3
7078,2
7080,6
7082,3
7084,0
7086,2
7088,3
7090,0
7092,2
7094,2
7096,1
7098,1
7100,1
7102,4
7104,3
7106,4
7108,2
7110,0
7112,0
7114,3
7116,3
7118,1
7120,2
7122,4
7124,5
7126,2
7128,3
7130,3
7132,1
7134,2
7136,2
7138,3
7140,2
7142,0
7144,2
7146,2
7148,4
7150,2
7152,2
7154,3
7156,4
7158,2
7160,1
7162,1
7164,3
7166,0
7168,2
7170,3
7172,2
7174,3
7176,3
7178,0
7180,2
7182,1
7184,3
7186,3
7188,2
7190,1
7192,1
7194,1
7196,7
7198,1
7200,1
7202,0
7204,2
7206,4
7208,1
7210,1
7212,5
7214,4
7216,0
7218,2
7220,2
7222,1
7224,3
7226,2
7228,6
7230,3
7232,0
7234,5
7236,4
7238,2
7240,1
7242,5
7244,0
7246,3
7248,1
7250,2
7252,2
7254,2
7256,3
7258,2
7260,1
7262,7
7264,1
7266,0
7268,1
7270,3
7272,2
7274,1
7276,1
7278,1
7280,2
7282,6
7284,1
7286,6
7288,3
7290,0
7292,2
7294,4
7296,0
7298,4
7300,2
7302,4
7304,1
7306,7
7308,3
7310,3
7312,1
7314,1
7316,2
7318,1
7320,1
7322,6
7324,1
7326,3
7328,1
7330,3
7332,3
7334,2
7336,6
7338,4
7340,2
7342,0
7344,5
7346,5
7348,3
7350,2
7352,2
7354,1
7356,4
7358,6
7360,1
7362,2
7364,5
7366,3
7368,0
7370,2
7372,2
7374,3
7376,2
7378,1
7380,1
7382,4
7384,2
7386,6
7388,3
7390,0
7392,4
7394,3
7396,1
7398,4
7400,5
7402,3
7404,3
7406,2
7408,3
7410,2
7412,0
7414,2
7416,0
7418,4
7420,3
7422,5
7424,4
7426,4
7428,2
7430,3
7432,4
7434,4
7436,2
7438,3
7440,6
7442,1
7444,3
7446,3
7448,2
7450,2
7452,4
7454,0
7456,4
7458,4
7460,3
7462,2
7464,1
7466,1
7468,1
7470,2
7472,4
7474,1
7476,3
7478,4
7480,0
7482,3
7484,1
7486,2
7488,3
7490,1
7492,0
7494,3
7496,1
7498,3
7500,2
7502,2
7504,2
7506,0
7508,2
7510,3
7512,4
7514,2
7516,1
7518,1
7520,2
7522,2
7524,3
7526,3
7528,1
7530,2
7532,3
7534,4
7536,3
7538,1
7540,3
7542,3
7544,3
7546,3
7548,3
7550,1
7552,2
7554,2
7556,1
7558,0
7560,1
7562,3
7564,7
7566,0
7568,6
7570,1
7572,1
7574,2
7576,2
7578,4
7580,3
7582,0
7584,1
7586,5
7588,0
7590,3
7592,3
7594,3
7596,0
7598,3
7600,1
7602,4
7604,0
7606,2
7608,3
7610,2
7612,5
7614,1
7616,2
7618,1
7620,4
7622,3
7624,1
7626,5
7628,0
7630,1
7632,2
7634,2
7636,5
7638,2
7640,3
7642,2
7644,7
7646,2
7648,6
7650,4
7652,5
7654,3
7656,1
7658,1
7660,3
7662,2
7664,2
7666,4
7668,5
7670,3
7672,3
7674,3
7676,3
7678,1
7680,0
7682,4
7684,0
7686,2
7688,5
7690,0
7692,5
7694,3
7696,0
7698,1
7700,4
7702,4
7704,3
7706,1
7708,2
7710,4
7712,1
7714,2
7716,3
7718,2
7720,5
7722,2
7724,2
7726,4
7728,3
7730,1
7732,5
7734,4
7736,5
7738,2
7740,3
7742,1
7744,2
7746,1
7748,5
7750,2
7752,2
7754,2
7756,4
7758,1
7760,4
7762,5
7764,3
7766,0
7768,4
7770,4
7772,2
7774,11
7776,4
7778,5
7780,4
7782,3
7784,1
7786,6
7788,3
7790,1
7792,3
7794,2
7796,2
7798,2
7800,3
7802,3
7804,3
7806,2
7808,1
7810,2
7812,3
7814,3
7816,3
7818,5
7820,0
7822,3
7824,4
7826,3
7828,3
7830,4
7832,5
7834,0
7836,4
7838,1
7840,3
7842,1
7844,6
7846,1
7848,4
7850,3
7852,1
7854,2
7856,3
7858,1
7860,0
7862,2
7864,4
7866,1
7868,3
7870,8
7872,5
7874,3
7876,1
7878,1
7880,2
7882,5
7884,2
7886,4
7888,2
7890,1
7892,1
7894,3
7896,3
7898,2
7900,2
7902,1
7904,1
7906,5
7908,8
7910,5
7912,1
7914,2
7916,2
7918,1
7920,2
7922,4
7924,4
7926,3
7928,1
7930,2
7932,2
7934,1
7936,6
7938,5
7940,5
7942,2
7944,5
7946,3
7948,3
7950,3
7952,2
7954,3
7956,3
7958,2
7960,3
7962,0
7964,0
7966,4
7968,5
7970,4
7972,3
7974,1
7976,2
7978,6
7980,1
7982,3
7984,6
7986,1
7988,6
7990,4
7992,2
7994,4
7996,5
7998,3
8000,2
8002,3
8004,3
8006,5
8008,2
8010,0
8012,2
8014,0
8016,5
8018,1
8020,0
8022,1
8024,3
8026,0
8028,2
8030,6
8032,0
8034,3
8036,4
8038,4
8040,3
8042,2
8044,1
8046,0
8048,2
8050,4
8052,4
8054,3
8056,3
8058,2
8060,3
8062,3
8064,2
8066,5
8068,5
8070,5
8072,4
8074,2
8076,2
8078,5
8080,1
8082,2
8084,4
8086,3
8088,1
8090,1
8092,4
8094,2
8096,2
8098,3
8100,3
8102,1
8104,2
8106,3
8108,2
8110,3
8112,3
8114,3
8116,4
8118,1
8120,5
8122,1
8124,3
8126,3
8128,1
8130,3
8132,4
8134,3
8136,3
8138,2
8140,3
8142,4
8144,4
8146,5
8148,4
8150,2
8152,2
8154,2
8156,1
8158,2
8160,0
8162,5
8164,2
8166,2
8168,1
8170,4
8172,2
8174,0
8176,4
8178,3
8180,3
8182,0
8184,4
8186,2
8188,3
8190,15224
