,freeze,Tracesample,buffer#,finefreeze,wc,Seconds,SecondsofDayNoPPS,TimeStampsNoPPS
3800,342151399,28,0,87590758272,87590757976,9.500000032858225e-05,73826.221878225,0 days 20:30:26.221878
3801,342151399,28,0,87590758272,87590757977,9.502500006419723e-05,73826.22187825,0 days 20:30:26.221878
3802,342151399,28,0,87590758272,87590757978,9.505000025455956e-05,73826.221878275,0 days 20:30:26.221878
3803,342151399,27,0,87590758272,87590757979,9.507499999017455e-05,73826.2218783,0 days 20:30:26.221878
3804,342151399,28,0,87590758272,87590757980,9.510000018053688e-05,73826.221878325,0 days 20:30:26.221878
3805,342151399,28,0,87590758272,87590757981,9.512499991615186e-05,73826.22187835,0 days 20:30:26.221878
3806,342151399,28,0,87590758272,87590757982,9.51500001065142e-05,73826.221878375,0 days 20:30:26.221878
3807,342151399,27,0,87590758272,87590757983,9.517500029687653e-05,73826.2218784,0 days 20:30:26.221878
3808,342151399,28,0,87590758272,87590757984,9.520000003249152e-05,73826.221878425,0 days 20:30:26.221878
3809,342151399,27,0,87590758272,87590757985,9.522500022285385e-05,73826.22187845,0 days 20:30:26.221878
3810,342151399,27,0,87590758272,87590757986,9.524999995846883e-05,73826.221878475,0 days 20:30:26.221878
3811,342151399,27,0,87590758272,87590757987,9.527500014883117e-05,73826.2218785,0 days 20:30:26.221879
3812,342151399,27,0,87590758272,87590757988,9.53000003391935e-05,73826.221878525,0 days 20:30:26.221879
3813,342151399,27,0,87590758272,87590757989,9.532500007480849e-05,73826.22187855,0 days 20:30:26.221879
3814,342151399,27,0,87590758272,87590757990,9.535000026517082e-05,73826.221878575,0 days 20:30:26.221879
3815,342151399,27,0,87590758272,87590757991,9.53750000007858e-05,73826.2218786,0 days 20:30:26.221879
3816,342151399,27,0,87590758272,87590757992,9.540000019114814e-05,73826.221878625,0 days 20:30:26.221879
3817,342151399,27,0,87590758272,87590757993,9.542499992676312e-05,73826.22187865,0 days 20:30:26.221879
3818,342151399,27,0,87590758272,87590757994,9.545000011712546e-05,73826.221878675,0 days 20:30:26.221879
3819,342151399,27,0,87590758272,87590757995,9.547500030748779e-05,73826.2218787,0 days 20:30:26.221879
3820,342151399,27,0,87590758272,87590757996,9.550000004310277e-05,73826.221878725,0 days 20:30:26.221879
3821,342151399,27,0,87590758272,87590757997,9.552500023346511e-05,73826.22187875,0 days 20:30:26.221879
3822,342151399,27,0,87590758272,87590757998,9.554999996908009e-05,73826.221878775,0 days 20:30:26.221879
3823,342151399,27,0,87590758272,87590757999,9.557500015944242e-05,73826.2218788,0 days 20:30:26.221879
3824,342151399,27,0,87590758272,87590758000,9.559999989505741e-05,73826.221878825,0 days 20:30:26.221879
3825,342151399,27,0,87590758272,87590758001,9.562500008541974e-05,73826.22187885,0 days 20:30:26.221879
3826,342151399,27,0,87590758272,87590758002,9.565000027578208e-05,73826.221878875,0 days 20:30:26.221879
3827,342151399,27,0,87590758272,87590758003,9.567500001139706e-05,73826.2218789,0 days 20:30:26.221879
3828,342151399,27,0,87590758272,87590758004,9.57000002017594e-05,73826.221878925,0 days 20:30:26.221879
3829,342151399,27,0,87590758272,87590758005,9.572499993737438e-05,73826.22187895,0 days 20:30:26.221879
3830,342151399,27,0,87590758272,87590758006,9.575000012773671e-05,73826.221878975,0 days 20:30:26.221879
3831,342151399,27,0,87590758272,87590758007,9.577500031809905e-05,73826.221879,0 days 20:30:26.221879
3832,342151399,27,0,87590758272,87590758008,9.580000005371403e-05,73826.221879025,0 days 20:30:26.221879
3833,342151399,27,0,87590758272,87590758009,9.582500024407636e-05,73826.22187905,0 days 20:30:26.221879
3834,342151399,27,0,87590758272,87590758010,9.584999997969135e-05,73826.221879075,0 days 20:30:26.221879
3835,342151399,27,0,87590758272,87590758011,9.587500017005368e-05,73826.2218791,0 days 20:30:26.221879
3836,342151399,27,0,87590758272,87590758012,9.589999990566866e-05,73826.221879125,0 days 20:30:26.221879
3837,342151399,27,0,87590758272,87590758013,9.5925000096031e-05,73826.22187915,0 days 20:30:26.221879
3838,342151399,27,0,87590758272,87590758014,9.595000028639333e-05,73826.221879175,0 days 20:30:26.221879
3839,342151399,27,0,87590758272,87590758015,9.597500002200832e-05,73826.2218792,0 days 20:30:26.221879
3840,342151399,27,0,87590758272,87590758016,9.600000021237065e-05,73826.221879225,0 days 20:30:26.221879
3841,342151399,27,0,87590758272,87590758017,9.602499994798563e-05,73826.22187925,0 days 20:30:26.221879
3842,342151399,27,0,87590758272,87590758018,9.605000013834797e-05,73826.221879275,0 days 20:30:26.221879
3843,342151399,27,0,87590758272,87590758019,9.60750003287103e-05,73826.2218793,0 days 20:30:26.221879
3844,342151399,27,0,87590758272,87590758020,9.610000006432529e-05,73826.221879325,0 days 20:30:26.221879
3845,342151399,27,0,87590758272,87590758021,9.612500025468762e-05,73826.22187935,0 days 20:30:26.221879
3846,342151399,27,0,87590758272,87590758022,9.61499999903026e-05,73826.221879375,0 days 20:30:26.221879
3847,342151399,27,0,87590758272,87590758023,9.617500018066494e-05,73826.22187940001,0 days 20:30:26.221879
3848,342151399,27,0,87590758272,87590758024,9.619999991627992e-05,73826.22187942501,0 days 20:30:26.221879
3849,342151399,27,0,87590758272,87590758025,9.622500010664226e-05,73826.22187945001,0 days 20:30:26.221879
3850,342151399,27,0,87590758272,87590758026,9.625000029700459e-05,73826.22187947501,0 days 20:30:26.221879
3851,342151399,27,0,87590758272,87590758027,9.627500003261957e-05,73826.22187950001,0 days 20:30:26.221880
3852,342151399,27,0,87590758272,87590758028,9.630000022298191e-05,73826.22187952501,0 days 20:30:26.221880
3853,342151399,27,0,87590758272,87590758029,9.632499995859689e-05,73826.22187955001,0 days 20:30:26.221880
3854,342151399,27,0,87590758272,87590758030,9.635000014895923e-05,73826.22187957501,0 days 20:30:26.221880
3855,342151399,27,0,87590758272,87590758031,9.637500033932156e-05,73826.22187960001,0 days 20:30:26.221880
3856,342151399,27,0,87590758272,87590758032,9.640000007493654e-05,73826.22187962501,0 days 20:30:26.221880
3857,342151399,27,0,87590758272,87590758033,9.642500026529888e-05,73826.22187965001,0 days 20:30:26.221880
3858,342151399,27,0,87590758272,87590758034,9.645000000091386e-05,73826.22187967501,0 days 20:30:26.221880
3859,342151399,27,0,87590758272,87590758035,9.64750001912762e-05,73826.22187970001,0 days 20:30:26.221880
3860,342151399,27,0,87590758272,87590758036,9.649999992689118e-05,73826.22187972501,0 days 20:30:26.221880
3861,342151399,27,0,87590758272,87590758037,9.652500011725351e-05,73826.22187975001,0 days 20:30:26.221880
3862,342151399,27,0,87590758272,87590758038,9.655000030761585e-05,73826.22187977501,0 days 20:30:26.221880
3863,342151399,27,0,87590758272,87590758039,9.657500004323083e-05,73826.22187980001,0 days 20:30:26.221880
3864,342151399,27,0,87590758272,87590758040,9.660000023359316e-05,73826.22187982501,0 days 20:30:26.221880
3865,342151399,27,0,87590758272,87590758041,9.662499996920815e-05,73826.22187985,0 days 20:30:26.221880
3866,342151399,27,0,87590758272,87590758042,9.665000015957048e-05,73826.221879875,0 days 20:30:26.221880
3867,342151399,27,0,87590758272,87590758043,9.667499989518546e-05,73826.2218799,0 days 20:30:26.221880
3868,342151399,27,0,87590758272,87590758044,9.67000000855478e-05,73826.221879925,0 days 20:30:26.221880
3869,342151399,27,0,87590758272,87590758045,9.672500027591013e-05,73826.22187995,0 days 20:30:26.221880
3870,342151399,27,0,87590758272,87590758046,9.675000001152512e-05,73826.221879975,0 days 20:30:26.221880
3871,342151399,27,0,87590758272,87590758047,9.677500020188745e-05,73826.22188,0 days 20:30:26.221880
3872,342151399,27,0,87590758272,87590758048,9.679999993750243e-05,73826.221880025,0 days 20:30:26.221880
3873,342151399,27,0,87590758272,87590758049,9.682500012786477e-05,73826.22188005,0 days 20:30:26.221880
3874,342151399,27,0,87590758272,87590758050,9.68500003182271e-05,73826.221880075,0 days 20:30:26.221880
3875,342151399,27,0,87590758272,87590758051,9.687500005384209e-05,73826.2218801,0 days 20:30:26.221880
3876,342151399,27,0,87590758272,87590758052,9.690000024420442e-05,73826.221880125,0 days 20:30:26.221880
3877,342151399,27,0,87590758272,87590758053,9.69249999798194e-05,73826.22188015,0 days 20:30:26.221880
3878,342151399,27,0,87590758272,87590758054,9.695000017018174e-05,73826.221880175,0 days 20:30:26.221880
3879,342151399,27,0,87590758272,87590758055,9.697499990579672e-05,73826.2218802,0 days 20:30:26.221880
3880,342151399,27,0,87590758272,87590758056,9.700000009615906e-05,73826.221880225,0 days 20:30:26.221880
3881,342151399,27,0,87590758272,87590758057,9.702500028652139e-05,73826.22188025,0 days 20:30:26.221880
3882,342151399,27,0,87590758272,87590758058,9.705000002213637e-05,73826.221880275,0 days 20:30:26.221880
3883,342151399,27,0,87590758272,87590758059,9.707500021249871e-05,73826.2218803,0 days 20:30:26.221880
3884,342151399,27,0,87590758272,87590758060,9.709999994811369e-05,73826.221880325,0 days 20:30:26.221880
3885,342151399,27,0,87590758272,87590758061,9.712500013847603e-05,73826.22188035,0 days 20:30:26.221880
3886,342151399,27,0,87590758272,87590758062,9.715000032883836e-05,73826.221880375,0 days 20:30:26.221880
3887,342151399,27,0,87590758272,87590758063,9.717500006445334e-05,73826.2218804,0 days 20:30:26.221880
3888,342151399,27,0,87590758272,87590758064,9.720000025481568e-05,73826.221880425,0 days 20:30:26.221880
3889,342151399,27,0,87590758272,87590758065,9.722499999043066e-05,73826.22188045,0 days 20:30:26.221880
3890,342151399,27,0,87590758272,87590758066,9.7250000180793e-05,73826.221880475,0 days 20:30:26.221880
3891,342151399,27,0,87590758272,87590758067,9.727499991640798e-05,73826.2218805,0 days 20:30:26.221881
3892,342151399,27,0,87590758272,87590758068,9.730000010677031e-05,73826.221880525,0 days 20:30:26.221881
3893,342151399,27,0,87590758272,87590758069,9.732500029713265e-05,73826.22188055,0 days 20:30:26.221881
3894,342151399,27,0,87590758272,87590758070,9.735000003274763e-05,73826.221880575,0 days 20:30:26.221881
3895,342151399,27,0,87590758272,87590758071,9.737500022310996e-05,73826.2218806,0 days 20:30:26.221881
3896,342151399,27,0,87590758272,87590758072,9.739999995872495e-05,73826.221880625,0 days 20:30:26.221881
3897,342151399,27,0,87590758272,87590758073,9.742500014908728e-05,73826.22188065,0 days 20:30:26.221881
3898,342151399,27,0,87590758272,87590758074,9.745000033944962e-05,73826.221880675,0 days 20:30:26.221881
3899,342151399,27,0,87590758272,87590758075,9.74750000750646e-05,73826.2218807,0 days 20:30:26.221881
3900,342151399,27,0,87590758272,87590758076,9.750000026542693e-05,73826.221880725,0 days 20:30:26.221881
3901,342151399,27,0,87590758272,87590758077,9.752500000104192e-05,73826.22188075,0 days 20:30:26.221881
3902,342151399,27,0,87590758272,87590758078,9.755000019140425e-05,73826.221880775,0 days 20:30:26.221881
3903,342151399,27,0,87590758272,87590758079,9.757499992701923e-05,73826.2218808,0 days 20:30:26.221881
3904,342151399,27,0,87590758272,87590758080,9.760000011738157e-05,73826.221880825,0 days 20:30:26.221881
3905,342151399,27,0,87590758272,87590758081,9.76250003077439e-05,73826.22188085,0 days 20:30:26.221881
3906,342151399,27,0,87590758272,87590758082,9.765000004335889e-05,73826.221880875,0 days 20:30:26.221881
3907,342151399,27,0,87590758272,87590758083,9.767500023372122e-05,73826.2218809,0 days 20:30:26.221881
3908,342151399,27,0,87590758272,87590758084,9.76999999693362e-05,73826.221880925,0 days 20:30:26.221881
3909,342151399,27,0,87590758272,87590758085,9.772500015969854e-05,73826.22188095,0 days 20:30:26.221881
3910,342151399,27,0,87590758272,87590758086,9.774999989531352e-05,73826.221880975,0 days 20:30:26.221881
3911,342151399,27,0,87590758272,87590758087,9.777500008567586e-05,73826.221881,0 days 20:30:26.221881
3912,342151399,27,0,87590758272,87590758088,9.780000027603819e-05,73826.221881025,0 days 20:30:26.221881
3913,342151399,27,0,87590758272,87590758089,9.782500001165317e-05,73826.22188105,0 days 20:30:26.221881
3914,342151399,27,0,87590758272,87590758090,9.785000020201551e-05,73826.221881075,0 days 20:30:26.221881
3915,342151399,27,0,87590758272,87590758091,9.787499993763049e-05,73826.2218811,0 days 20:30:26.221881
3916,342151399,27,0,87590758272,87590758092,9.790000012799283e-05,73826.221881125,0 days 20:30:26.221881
3917,342151399,27,0,87590758272,87590758093,9.792500031835516e-05,73826.22188115,0 days 20:30:26.221881
3918,342151399,27,0,87590758272,87590758094,9.795000005397014e-05,73826.221881175,0 days 20:30:26.221881
3919,342151399,27,0,87590758272,87590758095,9.797500024433248e-05,73826.2218812,0 days 20:30:26.221881
3920,342151399,27,0,87590758272,87590758096,9.799999997994746e-05,73826.221881225,0 days 20:30:26.221881
3921,342151399,27,0,87590758272,87590758097,9.80250001703098e-05,73826.22188125,0 days 20:30:26.221881
3922,342151399,27,0,87590758272,87590758098,9.804999990592478e-05,73826.221881275,0 days 20:30:26.221881
3923,342151399,27,0,87590758272,87590758099,9.807500009628711e-05,73826.2218813,0 days 20:30:26.221881
3924,342151399,27,0,87590758272,87590758100,9.810000028664945e-05,73826.22188132501,0 days 20:30:26.221881
3925,342151399,27,0,87590758272,87590758101,9.812500002226443e-05,73826.22188135001,0 days 20:30:26.221881
3926,342151399,27,0,87590758272,87590758102,9.815000021262676e-05,73826.22188137501,0 days 20:30:26.221881
3927,342151399,27,0,87590758272,87590758103,9.817499994824175e-05,73826.22188140001,0 days 20:30:26.221881
3928,342151399,27,0,87590758272,87590758104,9.820000013860408e-05,73826.22188142501,0 days 20:30:26.221881
3929,342151399,27,0,87590758272,87590758105,9.822500032896642e-05,73826.22188145001,0 days 20:30:26.221881
3930,342151399,27,0,87590758272,87590758106,9.82500000645814e-05,73826.22188147501,0 days 20:30:26.221881
3931,342151399,27,0,87590758272,87590758107,9.827500025494373e-05,73826.22188150001,0 days 20:30:26.221882
3932,342151399,27,0,87590758272,87590758108,9.829999999055872e-05,73826.22188152501,0 days 20:30:26.221882
3933,342151399,27,0,87590758272,87590758109,9.832500018092105e-05,73826.22188155001,0 days 20:30:26.221882
3934,342151399,27,0,87590758272,87590758110,9.834999991653604e-05,73826.22188157501,0 days 20:30:26.221882
3935,342151399,27,0,87590758272,87590758111,9.837500010689837e-05,73826.22188160001,0 days 20:30:26.221882
3936,342151399,27,0,87590758272,87590758112,9.84000002972607e-05,73826.22188162501,0 days 20:30:26.221882
3937,342151399,27,0,87590758272,87590758113,9.842500003287569e-05,73826.22188165001,0 days 20:30:26.221882
3938,342151399,27,0,87590758272,87590758114,9.845000022323802e-05,73826.22188167501,0 days 20:30:26.221882
3939,342151399,27,0,87590758272,87590758115,9.8474999958853e-05,73826.22188170001,0 days 20:30:26.221882
3940,342151399,27,0,87590758272,87590758116,9.850000014921534e-05,73826.22188172501,0 days 20:30:26.221882
3941,342151399,27,0,87590758272,87590758117,9.852500033957767e-05,73826.22188175001,0 days 20:30:26.221882
3942,342151399,27,0,87590758272,87590758118,9.855000007519266e-05,73826.22188177501,0 days 20:30:26.221882
3943,342151399,27,0,87590758272,87590758119,9.857500026555499e-05,73826.22188180001,0 days 20:30:26.221882
3944,342151399,27,0,87590758272,87590758120,9.860000000116997e-05,73826.221881825,0 days 20:30:26.221882
3945,342151399,27,0,87590758272,87590758121,9.862500019153231e-05,73826.22188185,0 days 20:30:26.221882
3946,342151399,27,0,87590758272,87590758122,9.864999992714729e-05,73826.221881875,0 days 20:30:26.221882
3947,342151399,27,0,87590758272,87590758123,9.867500011750963e-05,73826.2218819,0 days 20:30:26.221882
3948,342151399,27,0,87590758272,87590758124,9.870000030787196e-05,73826.221881925,0 days 20:30:26.221882
3949,342151399,27,0,87590758272,87590758125,9.872500004348694e-05,73826.22188195,0 days 20:30:26.221882
3950,342151399,27,0,87590758272,87590758126,9.875000023384928e-05,73826.221881975,0 days 20:30:26.221882
3951,342151399,27,0,87590758272,87590758127,9.877499996946426e-05,73826.221882,0 days 20:30:26.221882
3952,342151399,27,0,87590758272,87590758128,9.88000001598266e-05,73826.221882025,0 days 20:30:26.221882
3953,342151399,27,0,87590758272,87590758129,9.882499989544158e-05,73826.22188205,0 days 20:30:26.221882
3954,342151399,27,0,87590758272,87590758130,9.885000008580391e-05,73826.221882075,0 days 20:30:26.221882
3955,342151399,27,0,87590758272,87590758131,9.887500027616625e-05,73826.2218821,0 days 20:30:26.221882
3956,342151399,27,0,87590758272,87590758132,9.890000001178123e-05,73826.221882125,0 days 20:30:26.221882
3957,342151399,27,0,87590758272,87590758133,9.892500020214356e-05,73826.22188215,0 days 20:30:26.221882
3958,342151399,27,0,87590758272,87590758134,9.894999993775855e-05,73826.221882175,0 days 20:30:26.221882
3959,342151399,27,0,87590758272,87590758135,9.897500012812088e-05,73826.2218822,0 days 20:30:26.221882
3960,342151399,27,0,87590758272,87590758136,9.900000031848322e-05,73826.221882225,0 days 20:30:26.221882
3961,342151399,27,0,87590758272,87590758137,9.90250000540982e-05,73826.22188225,0 days 20:30:26.221882
3962,342151399,27,0,87590758272,87590758138,9.905000024446053e-05,73826.221882275,0 days 20:30:26.221882
3963,342151399,27,0,87590758272,87590758139,9.907499998007552e-05,73826.2218823,0 days 20:30:26.221882
3964,342151399,27,0,87590758272,87590758140,9.910000017043785e-05,73826.221882325,0 days 20:30:26.221882
3965,342151399,27,0,87590758272,87590758141,9.912499990605284e-05,73826.22188235,0 days 20:30:26.221882
3966,342151399,27,0,87590758272,87590758142,9.915000009641517e-05,73826.221882375,0 days 20:30:26.221882
3967,342151399,27,0,87590758272,87590758143,9.91750002867775e-05,73826.2218824,0 days 20:30:26.221882
3968,342151399,27,0,87590758272,87590758144,9.920000002239249e-05,73826.221882425,0 days 20:30:26.221882
3969,342151399,29,0,87590758272,87590758145,9.922500021275482e-05,73826.22188245,0 days 20:30:26.221882
3970,342151399,31,0,87590758272,87590758146,9.92499999483698e-05,73826.221882475,0 days 20:30:26.221882
3971,342151399,33,0,87590758272,87590758147,9.927500013873214e-05,73826.2218825,0 days 20:30:26.221883
3972,342151399,35,0,87590758272,87590758148,9.930000032909447e-05,73826.221882525,0 days 20:30:26.221883
3973,342151399,36,0,87590758272,87590758149,9.932500006470946e-05,73826.22188255,0 days 20:30:26.221883
3974,342151399,36,0,87590758272,87590758150,9.935000025507179e-05,73826.221882575,0 days 20:30:26.221883
3975,342151399,36,0,87590758272,87590758151,9.937499999068677e-05,73826.2218826,0 days 20:30:26.221883
3976,342151399,35,0,87590758272,87590758152,9.940000018104911e-05,73826.221882625,0 days 20:30:26.221883
3977,342151399,34,0,87590758272,87590758153,9.942499991666409e-05,73826.22188265,0 days 20:30:26.221883
3978,342151399,34,0,87590758272,87590758154,9.945000010702643e-05,73826.221882675,0 days 20:30:26.221883
3979,342151399,33,0,87590758272,87590758155,9.947500029738876e-05,73826.2218827,0 days 20:30:26.221883
3980,342151399,32,0,87590758272,87590758156,9.950000003300374e-05,73826.221882725,0 days 20:30:26.221883
3981,342151399,32,0,87590758272,87590758157,9.952500022336608e-05,73826.22188275,0 days 20:30:26.221883
3982,342151399,31,0,87590758272,87590758158,9.954999995898106e-05,73826.221882775,0 days 20:30:26.221883
3983,342151399,31,0,87590758272,87590758159,9.95750001493434e-05,73826.2218828,0 days 20:30:26.221883
3984,342151399,31,0,87590758272,87590758160,9.960000033970573e-05,73826.221882825,0 days 20:30:26.221883
3985,342151399,30,0,87590758272,87590758161,9.962500007532071e-05,73826.22188285,0 days 20:30:26.221883
3986,342151399,30,0,87590758272,87590758162,9.965000026568305e-05,73826.221882875,0 days 20:30:26.221883
3987,342151399,29,0,87590758272,87590758163,9.967500000129803e-05,73826.2218829,0 days 20:30:26.221883
3988,342151399,29,0,87590758272,87590758164,9.970000019166037e-05,73826.221882925,0 days 20:30:26.221883
3989,342151399,29,0,87590758272,87590758165,9.972499992727535e-05,73826.22188295,0 days 20:30:26.221883
3990,342151399,29,0,87590758272,87590758166,9.975000011763768e-05,73826.221882975,0 days 20:30:26.221883
3991,342151399,29,0,87590758272,87590758167,9.977500030800002e-05,73826.221883,0 days 20:30:26.221883
3992,342151399,28,0,87590758272,87590758168,9.9800000043615e-05,73826.221883025,0 days 20:30:26.221883
3993,342151399,28,0,87590758272,87590758169,9.982500023397733e-05,73826.22188305,0 days 20:30:26.221883
3994,342151399,28,0,87590758272,87590758170,9.984999996959232e-05,73826.221883075,0 days 20:30:26.221883
3995,342151399,28,0,87590758272,87590758171,9.987500015995465e-05,73826.2218831,0 days 20:30:26.221883
3996,342151399,28,0,87590758272,87590758172,9.989999989556964e-05,73826.221883125,0 days 20:30:26.221883
3997,342151399,28,0,87590758272,87590758173,9.992500008593197e-05,73826.22188315,0 days 20:30:26.221883
3998,342151399,28,0,87590758272,87590758174,9.99500002762943e-05,73826.221883175,0 days 20:30:26.221883
3999,342151399,28,0,87590758272,87590758175,9.997500001190929e-05,73826.2218832,0 days 20:30:26.221883
4000,342151399,30,0,87590758272,87590758176,0.00010000000020227162,73826.22188322501,0 days 20:30:26.221883
4001,342151399,32,0,87590758272,87590758177,0.0001000249999378866,73826.22188325001,0 days 20:30:26.221883
4002,342151399,35,0,87590758272,87590758178,0.00010005000012824894,73826.22188327501,0 days 20:30:26.221883
4003,342151399,36,0,87590758272,87590758179,0.00010007500031861127,73826.22188330001,0 days 20:30:26.221883
4004,342151399,37,0,87590758272,87590758180,0.00010010000005422626,73826.22188332501,0 days 20:30:26.221883
4005,342151399,37,0,87590758272,87590758181,0.00010012500024458859,73826.22188335001,0 days 20:30:26.221883
4006,342151399,36,0,87590758272,87590758182,0.00010014999998020357,73826.22188337501,0 days 20:30:26.221883
4007,342151399,35,0,87590758272,87590758183,0.00010017500017056591,73826.22188340001,0 days 20:30:26.221883
4008,342151399,34,0,87590758272,87590758184,0.00010019999990618089,73826.22188342501,0 days 20:30:26.221883
4009,342151399,33,0,87590758272,87590758185,0.00010022500009654323,73826.22188345001,0 days 20:30:26.221883
4010,342151399,32,0,87590758272,87590758186,0.00010025000028690556,73826.22188347501,0 days 20:30:26.221883
4011,342151399,32,0,87590758272,87590758187,0.00010027500002252054,73826.22188350001,0 days 20:30:26.221884
4012,342151399,31,0,87590758272,87590758188,0.00010030000021288288,73826.22188352501,0 days 20:30:26.221884
4013,342151399,31,0,87590758272,87590758189,0.00010032499994849786,73826.22188355001,0 days 20:30:26.221884
4014,342151399,31,0,87590758272,87590758190,0.0001003500001388602,73826.22188357501,0 days 20:30:26.221884
4015,342151399,31,0,87590758272,87590758191,0.00010037500032922253,73826.22188360001,0 days 20:30:26.221884
4016,342151399,30,0,87590758272,87590758192,0.00010040000006483751,73826.22188362501,0 days 20:30:26.221884
4017,342151399,30,0,87590758272,87590758193,0.00010042500025519985,73826.22188365001,0 days 20:30:26.221884
4018,342151399,30,0,87590758272,87590758194,0.00010044999999081483,73826.221883675,0 days 20:30:26.221884
4019,342151399,29,0,87590758272,87590758195,0.00010047500018117717,73826.2218837,0 days 20:30:26.221884
4020,342151399,29,0,87590758272,87590758196,0.00010049999991679215,73826.221883725,0 days 20:30:26.221884
4021,342151399,29,0,87590758272,87590758197,0.00010052500010715448,73826.22188375,0 days 20:30:26.221884
4022,342151399,28,0,87590758272,87590758198,0.00010055000029751682,73826.221883775,0 days 20:30:26.221884
4023,342151399,28,0,87590758272,87590758199,0.0001005750000331318,73826.2218838,0 days 20:30:26.221884
4024,342151399,28,0,87590758272,87590758200,0.00010060000022349413,73826.221883825,0 days 20:30:26.221884
4025,342151399,28,0,87590758272,87590758201,0.00010062499995910912,73826.22188385,0 days 20:30:26.221884
4026,342151399,28,0,87590758272,87590758202,0.00010065000014947145,73826.221883875,0 days 20:30:26.221884
4027,342151399,28,0,87590758272,87590758203,0.00010067500033983379,73826.2218839,0 days 20:30:26.221884
4028,342151399,28,0,87590758272,87590758204,0.00010070000007544877,73826.221883925,0 days 20:30:26.221884
4029,342151399,28,0,87590758272,87590758205,0.0001007250002658111,73826.22188395,0 days 20:30:26.221884
4030,342151399,28,0,87590758272,87590758206,0.00010075000000142609,73826.221883975,0 days 20:30:26.221884
4031,342151399,28,0,87590758272,87590758207,0.00010077500019178842,73826.221884,0 days 20:30:26.221884
4032,342151399,28,0,87590758272,87590758208,0.0001007999999274034,73826.221884025,0 days 20:30:26.221884
4033,342151399,28,0,87590758272,87590758209,0.00010082500011776574,73826.22188405,0 days 20:30:26.221884
4034,342151399,28,0,87590758272,87590758210,0.00010085000030812807,73826.221884075,0 days 20:30:26.221884
4035,342151399,28,0,87590758272,87590758211,0.00010087500004374306,73826.2218841,0 days 20:30:26.221884
4036,342151399,28,0,87590758272,87590758212,0.00010090000023410539,73826.221884125,0 days 20:30:26.221884
4037,342151399,28,0,87590758272,87590758213,0.00010092499996972037,73826.22188415,0 days 20:30:26.221884
4038,342151399,28,0,87590758272,87590758214,0.00010095000016008271,73826.221884175,0 days 20:30:26.221884
4039,342151399,28,0,87590758272,87590758215,0.00010097499989569769,73826.2218842,0 days 20:30:26.221884
4040,342151399,27,0,87590758272,87590758216,0.00010100000008606003,73826.221884225,0 days 20:30:26.221884
4041,342151399,28,0,87590758272,87590758217,0.00010102500027642236,73826.22188425,0 days 20:30:26.221884
4042,342151399,27,0,87590758272,87590758218,0.00010105000001203734,73826.221884275,0 days 20:30:26.221884
4043,342151399,27,0,87590758272,87590758219,0.00010107500020239968,73826.2218843,0 days 20:30:26.221884
4044,342151399,27,0,87590758272,87590758220,0.00010109999993801466,73826.221884325,0 days 20:30:26.221884
4045,342151399,27,0,87590758272,87590758221,0.000101125000128377,73826.22188435,0 days 20:30:26.221884
4046,342151399,27,0,87590758272,87590758222,0.00010115000031873933,73826.221884375,0 days 20:30:26.221884
4047,342151399,27,0,87590758272,87590758223,0.00010117500005435431,73826.2218844,0 days 20:30:26.221884
4048,342151399,27,0,87590758272,87590758224,0.00010120000024471665,73826.221884425,0 days 20:30:26.221884
4049,342151399,27,0,87590758272,87590758225,0.00010122499998033163,73826.22188445,0 days 20:30:26.221884
4050,342151399,27,0,87590758272,87590758226,0.00010125000017069397,73826.221884475,0 days 20:30:26.221884
4051,342151399,27,0,87590758272,87590758227,0.00010127499990630895,73826.2218845,0 days 20:30:26.221885
4052,342151399,27,0,87590758272,87590758228,0.00010130000009667128,73826.221884525,0 days 20:30:26.221885
4053,342151399,27,0,87590758272,87590758229,0.00010132500028703362,73826.22188455,0 days 20:30:26.221885
4054,342151399,27,0,87590758272,87590758230,0.0001013500000226486,73826.221884575,0 days 20:30:26.221885
4055,342151399,27,0,87590758272,87590758231,0.00010137500021301094,73826.2218846,0 days 20:30:26.221885
4056,342151399,27,0,87590758272,87590758232,0.00010139999994862592,73826.221884625,0 days 20:30:26.221885
4057,342151399,29,0,87590758272,87590758233,0.00010142500013898825,73826.22188465,0 days 20:30:26.221885
4058,342151399,38,0,87590758272,87590758234,0.00010145000032935059,73826.221884675,0 days 20:30:26.221885
4059,342151399,54,0,87590758272,87590758235,0.00010147500006496557,73826.2218847,0 days 20:30:26.221885
4060,342151399,70,0,87590758272,87590758236,0.0001015000002553279,73826.221884725,0 days 20:30:26.221885
4061,342151399,82,0,87590758272,87590758237,0.00010152499999094289,73826.22188475,0 days 20:30:26.221885
4062,342151399,89,0,87590758272,87590758238,0.00010155000018130522,73826.221884775,0 days 20:30:26.221885
4063,342151399,89,0,87590758272,87590758239,0.0001015749999169202,73826.2218848,0 days 20:30:26.221885
4064,342151399,85,0,87590758272,87590758240,0.00010160000010728254,73826.221884825,0 days 20:30:26.221885
4065,342151399,79,0,87590758272,87590758241,0.00010162500029764487,73826.22188485,0 days 20:30:26.221885
4066,342151399,72,0,87590758272,87590758242,0.00010165000003325986,73826.221884875,0 days 20:30:26.221885
4067,342151399,66,0,87590758272,87590758243,0.00010167500022362219,73826.2218849,0 days 20:30:26.221885
4068,342151399,60,0,87590758272,87590758244,0.00010169999995923718,73826.221884925,0 days 20:30:26.221885
4069,342151399,56,0,87590758272,87590758245,0.00010172500014959951,73826.22188495,0 days 20:30:26.221885
4070,342151399,53,0,87590758272,87590758246,0.00010175000033996184,73826.221884975,0 days 20:30:26.221885
4071,342151399,50,0,87590758272,87590758247,0.00010177500007557683,73826.221885,0 days 20:30:26.221885
4072,342151399,48,0,87590758272,87590758248,0.00010180000026593916,73826.221885025,0 days 20:30:26.221885
4073,342151399,46,0,87590758272,87590758249,0.00010182500000155414,73826.22188505,0 days 20:30:26.221885
4074,342151399,45,0,87590758272,87590758250,0.00010185000019191648,73826.221885075,0 days 20:30:26.221885
4075,342151399,43,0,87590758272,87590758251,0.00010187499992753146,73826.2218851,0 days 20:30:26.221885
4076,342151399,41,0,87590758272,87590758252,0.0001019000001178938,73826.221885125,0 days 20:30:26.221885
4077,342151399,40,0,87590758272,87590758253,0.00010192500030825613,73826.22188515001,0 days 20:30:26.221885
4078,342151399,39,0,87590758272,87590758254,0.00010195000004387111,73826.22188517501,0 days 20:30:26.221885
4079,342151399,37,0,87590758272,87590758255,0.00010197500023423345,73826.22188520001,0 days 20:30:26.221885
4080,342151399,36,0,87590758272,87590758256,0.00010199999996984843,73826.22188522501,0 days 20:30:26.221885
4081,342151399,35,0,87590758272,87590758257,0.00010202500016021077,73826.22188525001,0 days 20:30:26.221885
4082,342151399,35,0,87590758272,87590758258,0.00010204999989582575,73826.22188527501,0 days 20:30:26.221885
4083,342151399,34,0,87590758272,87590758259,0.00010207500008618808,73826.22188530001,0 days 20:30:26.221885
4084,342151399,33,0,87590758272,87590758260,0.00010210000027655042,73826.22188532501,0 days 20:30:26.221885
4085,342151399,32,0,87590758272,87590758261,0.0001021250000121654,73826.22188535001,0 days 20:30:26.221885
4086,342151399,32,0,87590758272,87590758262,0.00010215000020252774,73826.22188537501,0 days 20:30:26.221885
4087,342151399,32,0,87590758272,87590758263,0.00010217499993814272,73826.22188540001,0 days 20:30:26.221885
4088,342151399,31,0,87590758272,87590758264,0.00010220000012850505,73826.22188542501,0 days 20:30:26.221885
4089,342151399,31,0,87590758272,87590758265,0.00010222500031886739,73826.22188545001,0 days 20:30:26.221885
4090,342151399,31,0,87590758272,87590758266,0.00010225000005448237,73826.22188547501,0 days 20:30:26.221885
4091,342151399,30,0,87590758272,87590758267,0.0001022750002448447,73826.22188550001,0 days 20:30:26.221886
4092,342151399,30,0,87590758272,87590758268,0.00010229999998045969,73826.22188552501,0 days 20:30:26.221886
4093,342151399,30,0,87590758272,87590758269,0.00010232500017082202,73826.22188555001,0 days 20:30:26.221886
4094,342151399,30,0,87590758272,87590758270,0.000102349999906437,73826.22188557501,0 days 20:30:26.221886
4095,342151399,29,0,87590758272,87590758271,0.00010237500009679934,73826.22188560001,0 days 20:30:26.221886
4096,342151399,29,0,87590758272,87590758272,0.00010240000028716167,73826.22188562501,0 days 20:30:26.221886
4097,342151399,29,0,87590758272,87590758273,0.00010242500002277666,73826.22188565,0 days 20:30:26.221886
4098,342151399,29,0,87590758272,87590758274,0.00010245000021313899,73826.221885675,0 days 20:30:26.221886
4099,342151399,29,0,87590758272,87590758275,0.00010247499994875398,73826.2218857,0 days 20:30:26.221886
4100,342151399,29,0,87590758272,87590758276,0.00010250000013911631,73826.221885725,0 days 20:30:26.221886
4101,342151399,29,0,87590758272,87590758277,0.00010252500032947864,73826.22188575,0 days 20:30:26.221886
4102,342151399,29,0,87590758272,87590758278,0.00010255000006509363,73826.221885775,0 days 20:30:26.221886
4103,342151399,28,0,87590758272,87590758279,0.00010257500025545596,73826.2218858,0 days 20:30:26.221886
4104,342151399,28,0,87590758272,87590758280,0.00010259999999107094,73826.221885825,0 days 20:30:26.221886
4105,342151399,28,0,87590758272,87590758281,0.00010262500018143328,73826.22188585,0 days 20:30:26.221886
4106,342151399,28,0,87590758272,87590758282,0.00010264999991704826,73826.221885875,0 days 20:30:26.221886
4107,342151399,28,0,87590758272,87590758283,0.0001026750001074106,73826.2218859,0 days 20:30:26.221886
4108,342151399,28,0,87590758272,87590758284,0.00010270000029777293,73826.221885925,0 days 20:30:26.221886
4109,342151399,28,0,87590758272,87590758285,0.00010272500003338791,73826.22188595,0 days 20:30:26.221886
4110,342151399,28,0,87590758272,87590758286,0.00010275000022375025,73826.221885975,0 days 20:30:26.221886
4111,342151399,28,0,87590758272,87590758287,0.00010277499995936523,73826.221886,0 days 20:30:26.221886
4112,342151399,28,0,87590758272,87590758288,0.00010280000014972757,73826.221886025,0 days 20:30:26.221886
4113,342151399,28,0,87590758272,87590758289,0.0001028250003400899,73826.22188605,0 days 20:30:26.221886
4114,342151399,28,0,87590758272,87590758290,0.00010285000007570488,73826.221886075,0 days 20:30:26.221886
4115,342151399,28,0,87590758272,87590758291,0.00010287500026606722,73826.2218861,0 days 20:30:26.221886
4116,342151399,28,0,87590758272,87590758292,0.0001029000000016822,73826.221886125,0 days 20:30:26.221886
4117,342151399,28,0,87590758272,87590758293,0.00010292500019204454,73826.22188615,0 days 20:30:26.221886
4118,342151399,28,0,87590758272,87590758294,0.00010294999992765952,73826.221886175,0 days 20:30:26.221886
4119,342151399,28,0,87590758272,87590758295,0.00010297500011802185,73826.2218862,0 days 20:30:26.221886
4120,342151399,28,0,87590758272,87590758296,0.00010300000030838419,73826.221886225,0 days 20:30:26.221886
4121,342151399,28,0,87590758272,87590758297,0.00010302500004399917,73826.22188625,0 days 20:30:26.221886
4122,342151399,28,0,87590758272,87590758298,0.0001030500002343615,73826.221886275,0 days 20:30:26.221886
4123,342151399,28,0,87590758272,87590758299,0.00010307499996997649,73826.2218863,0 days 20:30:26.221886
4124,342151399,28,0,87590758272,87590758300,0.00010310000016033882,73826.221886325,0 days 20:30:26.221886
4125,342151399,28,0,87590758272,87590758301,0.0001031249998959538,73826.22188635,0 days 20:30:26.221886
4126,342151399,27,0,87590758272,87590758302,0.00010315000008631614,73826.221886375,0 days 20:30:26.221886
4127,342151399,27,0,87590758272,87590758303,0.00010317500027667847,73826.2218864,0 days 20:30:26.221886
4128,342151399,27,0,87590758272,87590758304,0.00010320000001229346,73826.221886425,0 days 20:30:26.221886
4129,342151399,28,0,87590758272,87590758305,0.00010322500020265579,73826.22188645,0 days 20:30:26.221886
4130,342151399,28,0,87590758272,87590758306,0.00010324999993827078,73826.221886475,0 days 20:30:26.221886
4131,342151399,28,0,87590758272,87590758307,0.00010327500012863311,73826.2218865,0 days 20:30:26.221887
4132,342151399,28,0,87590758272,87590758308,0.00010330000031899544,73826.221886525,0 days 20:30:26.221887
4133,342151399,28,0,87590758272,87590758309,0.00010332500005461043,73826.22188655,0 days 20:30:26.221887
4134,342151399,27,0,87590758272,87590758310,0.00010335000024497276,73826.221886575,0 days 20:30:26.221887
4135,342151399,28,0,87590758272,87590758311,0.00010337499998058775,73826.2218866,0 days 20:30:26.221887
4136,342151399,28,0,87590758272,87590758312,0.00010340000017095008,73826.221886625,0 days 20:30:26.221887
4137,342151399,27,0,87590758272,87590758313,0.00010342499990656506,73826.22188665,0 days 20:30:26.221887
4138,342151399,28,0,87590758272,87590758314,0.0001034500000969274,73826.221886675,0 days 20:30:26.221887
4139,342151399,28,0,87590758272,87590758315,0.00010347500028728973,73826.2218867,0 days 20:30:26.221887
4140,342151399,27,0,87590758272,87590758316,0.00010350000002290471,73826.221886725,0 days 20:30:26.221887
4141,342151399,27,0,87590758272,87590758317,0.00010352500021326705,73826.22188675,0 days 20:30:26.221887
4142,342151399,27,0,87590758272,87590758318,0.00010354999994888203,73826.221886775,0 days 20:30:26.221887
4143,342151399,27,0,87590758272,87590758319,0.00010357500013924437,73826.2218868,0 days 20:30:26.221887
4144,342151399,27,0,87590758272,87590758320,0.0001036000003296067,73826.221886825,0 days 20:30:26.221887
4145,342151399,27,0,87590758272,87590758321,0.00010362500006522168,73826.22188685,0 days 20:30:26.221887
4146,342151399,28,0,87590758272,87590758322,0.00010365000025558402,73826.221886875,0 days 20:30:26.221887
4147,342151399,27,0,87590758272,87590758323,0.000103674999991199,73826.2218869,0 days 20:30:26.221887
4148,342151399,27,0,87590758272,87590758324,0.00010370000018156134,73826.221886925,0 days 20:30:26.221887
4149,342151399,28,0,87590758272,87590758325,0.00010372499991717632,73826.22188695,0 days 20:30:26.221887
4150,342151399,27,0,87590758272,87590758326,0.00010375000010753865,73826.221886975,0 days 20:30:26.221887
4151,342151399,28,0,87590758272,87590758327,0.00010377500029790099,73826.221887,0 days 20:30:26.221887
4152,342151399,28,0,87590758272,87590758328,0.00010380000003351597,73826.221887025,0 days 20:30:26.221887
4153,342151399,27,0,87590758272,87590758329,0.0001038250002238783,73826.22188705001,0 days 20:30:26.221887
4154,342151399,27,0,87590758272,87590758330,0.00010384999995949329,73826.22188707501,0 days 20:30:26.221887
4155,342151399,27,0,87590758272,87590758331,0.00010387500014985562,73826.22188710001,0 days 20:30:26.221887
4156,342151399,27,0,87590758272,87590758332,0.00010390000034021796,73826.22188712501,0 days 20:30:26.221887
4157,342151399,27,0,87590758272,87590758333,0.00010392500007583294,73826.22188715001,0 days 20:30:26.221887
4158,342151399,27,0,87590758272,87590758334,0.00010395000026619527,73826.22188717501,0 days 20:30:26.221887
4159,342151399,28,0,87590758272,87590758335,0.00010397500000181026,73826.22188720001,0 days 20:30:26.221887
4160,342151399,27,0,87590758272,87590758336,0.00010400000019217259,73826.22188722501,0 days 20:30:26.221887
4161,342151399,27,0,87590758272,87590758337,0.00010402499992778758,73826.22188725001,0 days 20:30:26.221887
4162,342151399,27,0,87590758272,87590758338,0.00010405000011814991,73826.22188727501,0 days 20:30:26.221887
4163,342151399,27,0,87590758272,87590758339,0.00010407500030851224,73826.22188730001,0 days 20:30:26.221887
4164,342151399,27,0,87590758272,87590758340,0.00010410000004412723,73826.22188732501,0 days 20:30:26.221887
4165,342151399,27,0,87590758272,87590758341,0.00010412500023448956,73826.22188735001,0 days 20:30:26.221887
4166,342151399,27,0,87590758272,87590758342,0.00010414999997010455,73826.22188737501,0 days 20:30:26.221887
4167,342151399,27,0,87590758272,87590758343,0.00010417500016046688,73826.22188740001,0 days 20:30:26.221887
4168,342151399,27,0,87590758272,87590758344,0.00010419999989608186,73826.22188742501,0 days 20:30:26.221887
4169,342151399,27,0,87590758272,87590758345,0.0001042250000864442,73826.22188745001,0 days 20:30:26.221887
4170,342151399,27,0,87590758272,87590758346,0.00010425000027680653,73826.22188747501,0 days 20:30:26.221887
4171,342151399,27,0,87590758272,87590758347,0.00010427500001242151,73826.2218875,0 days 20:30:26.221887
4172,342151399,27,0,87590758272,87590758348,0.00010430000020278385,73826.221887525,0 days 20:30:26.221888
4173,342151399,27,0,87590758272,87590758349,0.00010432499993839883,73826.22188755,0 days 20:30:26.221888
4174,342151399,27,0,87590758272,87590758350,0.00010435000012876117,73826.221887575,0 days 20:30:26.221888
4175,342151399,27,0,87590758272,87590758351,0.0001043750003191235,73826.2218876,0 days 20:30:26.221888
4176,342151399,27,0,87590758272,87590758352,0.00010440000005473848,73826.221887625,0 days 20:30:26.221888
4177,342151399,27,0,87590758272,87590758353,0.00010442500024510082,73826.22188765,0 days 20:30:26.221888
4178,342151399,27,0,87590758272,87590758354,0.0001044499999807158,73826.221887675,0 days 20:30:26.221888
4179,342151399,27,0,87590758272,87590758355,0.00010447500017107814,73826.2218877,0 days 20:30:26.221888
4180,342151399,27,0,87590758272,87590758356,0.00010449999990669312,73826.221887725,0 days 20:30:26.221888
4181,342151399,27,0,87590758272,87590758357,0.00010452500009705545,73826.22188775,0 days 20:30:26.221888
4182,342151399,27,0,87590758272,87590758358,0.00010455000028741779,73826.221887775,0 days 20:30:26.221888
4183,342151399,27,0,87590758272,87590758359,0.00010457500002303277,73826.2218878,0 days 20:30:26.221888
4184,342151399,27,0,87590758272,87590758360,0.0001046000002133951,73826.221887825,0 days 20:30:26.221888
4185,342151399,27,0,87590758272,87590758361,0.00010462499994901009,73826.22188785,0 days 20:30:26.221888
4186,342151399,27,0,87590758272,87590758362,0.00010465000013937242,73826.221887875,0 days 20:30:26.221888
4187,342151399,27,0,87590758272,87590758363,0.00010467500032973476,73826.2218879,0 days 20:30:26.221888
4188,342151399,27,0,87590758272,87590758364,0.00010470000006534974,73826.221887925,0 days 20:30:26.221888
4189,342151399,27,0,87590758272,87590758365,0.00010472500025571208,73826.22188795,0 days 20:30:26.221888
4190,342151399,27,0,87590758272,87590758366,0.00010474999999132706,73826.221887975,0 days 20:30:26.221888
4191,342151399,27,0,87590758272,87590758367,0.00010477500018168939,73826.221888,0 days 20:30:26.221888
4192,342151399,27,0,87590758272,87590758368,0.00010479999991730438,73826.221888025,0 days 20:30:26.221888
4193,342151399,27,0,87590758272,87590758369,0.00010482500010766671,73826.22188805,0 days 20:30:26.221888
4194,342151399,27,0,87590758272,87590758370,0.00010485000029802904,73826.221888075,0 days 20:30:26.221888
4195,342151399,27,0,87590758272,87590758371,0.00010487500003364403,73826.2218881,0 days 20:30:26.221888
4196,342151399,27,0,87590758272,87590758372,0.00010490000022400636,73826.221888125,0 days 20:30:26.221888
4197,342151399,27,0,87590758272,87590758373,0.00010492499995962135,73826.22188815,0 days 20:30:26.221888
4198,342151399,27,0,87590758272,87590758374,0.00010495000014998368,73826.221888175,0 days 20:30:26.221888
4199,342151399,27,0,87590758272,87590758375,0.00010497500034034601,73826.2218882,0 days 20:30:26.221888
4200,342151399,27,0,87590758272,87590758376,0.000105000000075961,73826.221888225,0 days 20:30:26.221888
4201,342151399,27,0,87590758272,87590758377,0.00010502500026632333,73826.22188825,0 days 20:30:26.221888
4202,342151399,27,0,87590758272,87590758378,0.00010505000000193832,73826.221888275,0 days 20:30:26.221888
4203,342151399,27,0,87590758272,87590758379,0.00010507500019230065,73826.2218883,0 days 20:30:26.221888
4204,342151399,27,0,87590758272,87590758380,0.00010509999992791563,73826.221888325,0 days 20:30:26.221888
4205,342151399,27,0,87590758272,87590758381,0.00010512500011827797,73826.22188835,0 days 20:30:26.221888
4206,342151399,27,0,87590758272,87590758382,0.0001051500003086403,73826.221888375,0 days 20:30:26.221888
4207,342151399,27,0,87590758272,87590758383,0.00010517500004425528,73826.2218884,0 days 20:30:26.221888
4208,342151399,27,0,87590758272,87590758384,0.00010520000023461762,73826.221888425,0 days 20:30:26.221888
4209,342151399,27,0,87590758272,87590758385,0.0001052249999702326,73826.22188845,0 days 20:30:26.221888
4210,342151399,27,0,87590758272,87590758386,0.00010525000016059494,73826.221888475,0 days 20:30:26.221888
4211,342151399,27,0,87590758272,87590758387,0.00010527499989620992,73826.2218885,0 days 20:30:26.221889
4212,342151399,27,0,87590758272,87590758388,0.00010530000008657225,73826.221888525,0 days 20:30:26.221889
4213,342151399,27,0,87590758272,87590758389,0.00010532500027693459,73826.22188855,0 days 20:30:26.221889
4214,342151399,27,0,87590758272,87590758390,0.00010535000001254957,73826.221888575,0 days 20:30:26.221889
4215,342151399,27,0,87590758272,87590758391,0.0001053750002029119,73826.2218886,0 days 20:30:26.221889
4216,342151399,27,0,87590758272,87590758392,0.00010539999993852689,73826.221888625,0 days 20:30:26.221889
4217,342151399,27,0,87590758272,87590758393,0.00010542500012888922,73826.22188865,0 days 20:30:26.221889
4218,342151399,27,0,87590758272,87590758394,0.00010545000031925156,73826.221888675,0 days 20:30:26.221889
4219,342151399,27,0,87590758272,87590758395,0.00010547500005486654,73826.2218887,0 days 20:30:26.221889
4220,342151399,27,0,87590758272,87590758396,0.00010550000024522888,73826.221888725,0 days 20:30:26.221889
4221,342151399,27,0,87590758272,87590758397,0.00010552499998084386,73826.22188875,0 days 20:30:26.221889
4222,342151399,27,0,87590758272,87590758398,0.00010555000017120619,73826.221888775,0 days 20:30:26.221889
4223,342151399,27,0,87590758272,87590758399,0.00010557499990682118,73826.2218888,0 days 20:30:26.221889
4224,342151399,27,0,87590758272,87590758400,0.00010560000009718351,73826.221888825,0 days 20:30:26.221889
4225,342151399,27,0,87590758272,87590758401,0.00010562500028754584,73826.22188885,0 days 20:30:26.221889
4226,342151399,27,0,87590758272,87590758402,0.00010565000002316083,73826.221888875,0 days 20:30:26.221889
4227,342151399,27,0,87590758272,87590758403,0.00010567500021352316,73826.2218889,0 days 20:30:26.221889
4228,342151399,27,0,87590758272,87590758404,0.00010569999994913815,73826.221888925,0 days 20:30:26.221889
4229,342151399,27,0,87590758272,87590758405,0.00010572500013950048,73826.22188895,0 days 20:30:26.221889
4230,342151399,27,0,87590758272,87590758406,0.00010575000032986281,73826.22188897501,0 days 20:30:26.221889
4231,342151399,27,0,87590758272,87590758407,0.0001057750000654778,73826.22188900001,0 days 20:30:26.221889
4232,342151399,27,0,87590758272,87590758408,0.00010580000025584013,73826.22188902501,0 days 20:30:26.221889
4233,342151399,27,0,87590758272,87590758409,0.00010582499999145512,73826.22188905001,0 days 20:30:26.221889
4234,342151399,27,0,87590758272,87590758410,0.00010585000018181745,73826.22188907501,0 days 20:30:26.221889
4235,342151399,27,0,87590758272,87590758411,0.00010587499991743243,73826.22188910001,0 days 20:30:26.221889
4236,342151399,27,0,87590758272,87590758412,0.00010590000010779477,73826.22188912501,0 days 20:30:26.221889
4237,342151399,27,0,87590758272,87590758413,0.0001059250002981571,73826.22188915001,0 days 20:30:26.221889
4238,342151399,27,0,87590758272,87590758414,0.00010595000003377208,73826.22188917501,0 days 20:30:26.221889
4239,342151399,27,0,87590758272,87590758415,0.00010597500022413442,73826.22188920001,0 days 20:30:26.221889
4240,342151399,27,0,87590758272,87590758416,0.0001059999999597494,73826.22188922501,0 days 20:30:26.221889
4241,342151399,27,0,87590758272,87590758417,0.00010602500015011174,73826.22188925001,0 days 20:30:26.221889
4242,342151399,27,0,87590758272,87590758418,0.00010605000034047407,73826.22188927501,0 days 20:30:26.221889
4243,342151399,27,0,87590758272,87590758419,0.00010607500007608905,73826.22188930001,0 days 20:30:26.221889
4244,342151399,27,0,87590758272,87590758420,0.00010610000026645139,73826.22188932501,0 days 20:30:26.221889
4245,342151399,27,0,87590758272,87590758421,0.00010612500000206637,73826.22188935001,0 days 20:30:26.221889
4246,342151399,27,0,87590758272,87590758422,0.0001061500001924287,73826.22188937501,0 days 20:30:26.221889
4247,342151399,27,0,87590758272,87590758423,0.00010617499992804369,73826.22188940001,0 days 20:30:26.221889
4248,342151399,27,0,87590758272,87590758424,0.00010620000011840602,73826.22188942501,0 days 20:30:26.221889
4249,342151399,27,0,87590758272,87590758425,0.00010622500030876836,73826.22188945001,0 days 20:30:26.221889
4250,342151399,27,0,87590758272,87590758426,0.00010625000004438334,73826.221889475,0 days 20:30:26.221889
4251,342151399,27,0,87590758272,87590758427,0.00010627500023474568,73826.2218895,0 days 20:30:26.221889
4252,342151399,27,0,87590758272,87590758428,0.00010629999997036066,73826.221889525,0 days 20:30:26.221890
4253,342151399,27,0,87590758272,87590758429,0.000106325000160723,73826.22188955,0 days 20:30:26.221890
4254,342151399,27,0,87590758272,87590758430,0.00010634999989633798,73826.221889575,0 days 20:30:26.221890
4255,342151399,27,0,87590758272,87590758431,0.00010637500008670031,73826.2218896,0 days 20:30:26.221890
4256,342151399,27,0,87590758272,87590758432,0.00010640000027706265,73826.221889625,0 days 20:30:26.221890
4257,342151399,27,0,87590758272,87590758433,0.00010642500001267763,73826.22188965,0 days 20:30:26.221890
4258,342151399,27,0,87590758272,87590758434,0.00010645000020303996,73826.221889675,0 days 20:30:26.221890
4259,342151399,27,0,87590758272,87590758435,0.00010647499993865495,73826.2218897,0 days 20:30:26.221890
4260,342151399,27,0,87590758272,87590758436,0.00010650000012901728,73826.221889725,0 days 20:30:26.221890
4261,342151399,27,0,87590758272,87590758437,0.00010652500031937961,73826.22188975,0 days 20:30:26.221890
4262,342151399,27,0,87590758272,87590758438,0.0001065500000549946,73826.221889775,0 days 20:30:26.221890
4263,342151399,27,0,87590758272,87590758439,0.00010657500024535693,73826.2218898,0 days 20:30:26.221890
4264,342151399,27,0,87590758272,87590758440,0.00010659999998097192,73826.221889825,0 days 20:30:26.221890
4265,342151399,27,0,87590758272,87590758441,0.00010662500017133425,73826.22188985,0 days 20:30:26.221890
4266,342151399,27,0,87590758272,87590758442,0.00010664999990694923,73826.221889875,0 days 20:30:26.221890
4267,342151399,27,0,87590758272,87590758443,0.00010667500009731157,73826.2218899,0 days 20:30:26.221890
4268,342151399,27,0,87590758272,87590758444,0.0001067000002876739,73826.221889925,0 days 20:30:26.221890
4269,342151399,27,0,87590758272,87590758445,0.00010672500002328889,73826.22188995,0 days 20:30:26.221890
4270,342151399,27,0,87590758272,87590758446,0.00010675000021365122,73826.221889975,0 days 20:30:26.221890
4271,342151399,27,0,87590758272,87590758447,0.0001067749999492662,73826.22189,0 days 20:30:26.221890
4272,342151399,27,0,87590758272,87590758448,0.00010680000013962854,73826.221890025,0 days 20:30:26.221890
4273,342151399,27,0,87590758272,87590758449,0.00010682500032999087,73826.22189005,0 days 20:30:26.221890
4274,342151399,27,0,87590758272,87590758450,0.00010685000006560585,73826.221890075,0 days 20:30:26.221890
4275,342151399,27,0,87590758272,87590758451,0.00010687500025596819,73826.2218901,0 days 20:30:26.221890
4276,342151399,27,0,87590758272,87590758452,0.00010689999999158317,73826.221890125,0 days 20:30:26.221890
4277,342151399,27,0,87590758272,87590758453,0.0001069250001819455,73826.22189015,0 days 20:30:26.221890
4278,342151399,27,0,87590758272,87590758454,0.00010694999991756049,73826.221890175,0 days 20:30:26.221890
4279,342151399,27,0,87590758272,87590758455,0.00010697500010792282,73826.2218902,0 days 20:30:26.221890
4280,342151399,27,0,87590758272,87590758456,0.00010700000029828516,73826.221890225,0 days 20:30:26.221890
4281,342151399,27,0,87590758272,87590758457,0.00010702500003390014,73826.22189025,0 days 20:30:26.221890
4282,342151399,27,0,87590758272,87590758458,0.00010705000022426248,73826.221890275,0 days 20:30:26.221890
4283,342151399,27,0,87590758272,87590758459,0.00010707499995987746,73826.2218903,0 days 20:30:26.221890
4284,342151399,27,0,87590758272,87590758460,0.0001071000001502398,73826.221890325,0 days 20:30:26.221890
4285,342151399,27,0,87590758272,87590758461,0.00010712500034060213,73826.22189035,0 days 20:30:26.221890
4286,342151399,27,0,87590758272,87590758462,0.00010715000007621711,73826.221890375,0 days 20:30:26.221890
4287,342151399,27,0,87590758272,87590758463,0.00010717500026657945,73826.2218904,0 days 20:30:26.221890
4288,342151399,27,0,87590758272,87590758464,0.00010720000000219443,73826.221890425,0 days 20:30:26.221890
4289,342151399,27,0,87590758272,87590758465,0.00010722500019255676,73826.22189045,0 days 20:30:26.221890
4290,342151399,27,0,87590758272,87590758466,0.00010724999992817175,73826.221890475,0 days 20:30:26.221890
4291,342151399,27,0,87590758272,87590758467,0.00010727500011853408,73826.2218905,0 days 20:30:26.221891
4292,342151399,27,0,87590758272,87590758468,0.00010730000030889641,73826.221890525,0 days 20:30:26.221891
4293,342151399,27,0,87590758272,87590758469,0.0001073250000445114,73826.22189055,0 days 20:30:26.221891
4294,342151399,27,0,87590758272,87590758470,0.00010735000023487373,73826.221890575,0 days 20:30:26.221891
4295,342151399,27,0,87590758272,87590758471,0.00010737499997048872,73826.2218906,0 days 20:30:26.221891
4296,342151399,27,0,87590758272,87590758472,0.00010740000016085105,73826.221890625,0 days 20:30:26.221891
4297,342151399,27,0,87590758272,87590758473,0.00010742499989646603,73826.22189065,0 days 20:30:26.221891
4298,342151399,27,0,87590758272,87590758474,0.00010745000008682837,73826.221890675,0 days 20:30:26.221891
4299,342151399,27,0,87590758272,87590758475,0.0001074750002771907,73826.2218907,0 days 20:30:26.221891
